verse	id	confidence	placement	method	text
Gen.1.6	Gen.1.6-fn1	fallback	verse_end	no_high_confidence_immediate_alignment	O un dosel, o un firmamento, o una bóveda; también en los versículos 7, 8, 14, 15, 17 y 20
Gen.1.26	Gen.1.26-fn1	fallback	verse_end	no_high_confidence_immediate_alignment	TM; Siríaco y sobre todas las bestias de la tierra
Gen.2.6	Gen.2.6-fn1	fallback	verse_end	no_high_confidence_immediate_alignment	O niebla
Gen.2.21	Gen.2.21-fn1	fallback	verse_end	no_high_confidence_immediate_alignment	O tomó parte del costado del hombre; similarmente en el versículo 22
Gen.3.8	Gen.3.8-fn1	fallback	verse_end	no_high_confidence_immediate_alignment	O en el momento de la brisa (del día); hebreo hacia el Ruach
Gen.3.20	Gen.3.20-fn1	fallback	verse_end	no_high_confidence_immediate_alignment	Eva suena como el hebreo para dar vida o viviente.
Gen.4.7	Gen.4.7-fn1	fallback	verse_end	source_anchor_word_not_semantically_specific	O ella desea controlarte
Gen.4.13	Gen.4.13-fn1	fallback	verse_end	no_high_confidence_immediate_alignment	O culpa o pecado
Gen.4.15	Gen.4.15-fn1	fallback	verse_end	source_anchor_word_not_semantically_specific	LXX, Vulgata y Siríaco; hebreo “¡Muy bien!” o “Por tanto:”
Gen.4.16	Gen.4.16-fn1	fallback	verse_end	no_high_confidence_immediate_alignment	Nod significa errante.
Gen.4.25	Gen.4.25-fn1	fallback	verse_end	no_high_confidence_immediate_alignment	Set probablemente significa concedido o designado.
Gen.4.26	Gen.4.26-fn1	fallback	verse_end	source_anchor_word_not_semantically_specific	O proclamar; algunos traductores invocar o llamarse a sí mismos por o profanar
Gen.5.2	Gen.5.2-fn1	fallback	verse_end	source_anchor_word_not_semantically_specific	Citado en Mateo 19:4 y Marcos 10:6
Gen.5.22	Gen.5.22-fn1	fallback	verse_end	no_high_confidence_immediate_alignment	LXX agradó a Dios; también en el versículo 24
Gen.6.12	Gen.6.12-fn1	fallback	verse_end	no_high_confidence_immediate_alignment	Literalmente toda carne; similarmente en los versículos 13, 17 y 19
Gen.6.14	Gen.6.14-fn1	fallback	verse_end	no_high_confidence_immediate_alignment	Gopher es un tipo de árbol desconocido; posiblemente ciprés o cedro.
Gen.6.16	Gen.6.16-fn1	fallback	verse_end	no_high_confidence_immediate_alignment	O tragaluz o ventana
Gen.6.16	Gen.6.16-fn2	fallback	verse_end	no_high_confidence_immediate_alignment	Un codo equivale aproximadamente a 45.7 centímetros.
Gen.7.2	Gen.7.2-fn1	fallback	verse_end	source_anchor_word_not_semantically_specific	O de siete en siete; también en el versículo 3
Gen.7.15	Gen.7.15-fn1	fallback	verse_end	no_high_confidence_immediate_alignment	Literalmente de toda carne; similarmente en los versículos 16 y 21
Gen.8.8	Gen.8.8-fn1	fallback	verse_end	source_anchor_word_not_semantically_specific	Literalmente envió de él o envió de ella
Gen.9.20	Gen.9.20-fn1	fallback	verse_end	no_high_confidence_immediate_alignment	O fue el primero
Gen.10.7	Gen.10.7-fn1	fallback	verse_end	no_high_confidence_immediate_alignment	Sabtah es una variante de Sabta; véase 1 Crónicas 1:9.
Gen.10.8	Gen.10.8-fn1	fallback	verse_end	no_high_confidence_immediate_alignment	O que se estableció como un poderoso guerrero o que se convirtió en el primer líder intrépido
Gen.10.21	Gen.10.21-fn1	fallback	verse_end	no_high_confidence_immediate_alignment	O Sem, cuyo hermano mayor era Jafet
Gen.10.24	Gen.10.24-fn1	fallback	verse_end	no_high_confidence_immediate_alignment	Hebreo; LXX (véase también Lucas 3:35–36) Y Arfaxad fue padre de Cainán, y Cainán fue padre de Salá,
Gen.10.25	Gen.10.25-fn1	fallback	verse_end	no_high_confidence_immediate_alignment	Peleg significa división.
Gen.11.2	Gen.11.2-fn1	fallback	verse_end	no_high_confidence_immediate_alignment	O desde el oriente o en el oriente
Gen.11.9	Gen.11.9-fn1	fallback	verse_end	no_high_confidence_immediate_alignment	O Babilonia; la palabra hebrea para Babel suena como el hebreo para confundir.
Gen.12.6	Gen.12.6-fn1	fallback	verse_end	no_high_confidence_immediate_alignment	O el terebinto o el Gran Árbol
Gen.13.18	Gen.13.18-fn1	fallback	verse_end	no_high_confidence_immediate_alignment	O los terebintos o los Grandes Árboles
Gen.14.13	Gen.14.13-fn1	fallback	verse_end	no_high_confidence_immediate_alignment	O los terebintos o los Grandes Árboles
Gen.14.13	Gen.14.13-fn2	fallback	verse_end	no_high_confidence_immediate_alignment	Las formas del hebreo berit se traducen en la mayoría de los pasajes como pacto.
Gen.16.13	Gen.16.13-fn1	fallback	verse_end	no_high_confidence_immediate_alignment	Hebreo El-Roi
Gen.16.14	Gen.16.14-fn1	fallback	verse_end	no_high_confidence_immediate_alignment	Beer-lahai-roi significa pozo del Viviente que me ve.
Gen.18.1	Gen.18.1-fn1	fallback	verse_end	no_high_confidence_immediate_alignment	O los terebintos o los Grandes Árboles
Gen.19.38	Gen.19.38-fn1	fallback	verse_end	no_high_confidence_immediate_alignment	Ben-ammi significa hijo de mi pueblo.
Gen.20.16	Gen.20.16-fn1	fallback	verse_end	no_high_confidence_immediate_alignment	O mil siclos de plata; es decir, aproximadamente 11.4 kilogramos de plata
Gen.21.3	Gen.21.3-fn1	fallback	verse_end	no_high_confidence_immediate_alignment	Isaac significa él se ríe.
Gen.21.31	Gen.21.31-fn1	fallback	verse_end	no_high_confidence_immediate_alignment	Beerseba significa pozo de siete o pozo del juramento.
Gen.22.14	Gen.22.14-fn1	fallback	verse_end	no_high_confidence_immediate_alignment	Hebreo YHWH Yireh
Gen.22.17	Gen.22.17-fn1	fallback	verse_end	no_high_confidence_immediate_alignment	Citado en Hebreos 6:14
Gen.22.18	Gen.22.18-fn1	fallback	verse_end	no_high_confidence_immediate_alignment	Citado en Hechos 3:25
Gen.24.22	Gen.24.22-fn1	fallback	verse_end	no_high_confidence_immediate_alignment	Un beka es medio siclo, aproximadamente 5.7 gramos.
Gen.25.18	Gen.25.18-fn1	fallback	verse_end	no_high_confidence_immediate_alignment	O Asiria
Gen.26.20	Gen.26.20-fn1	fallback	verse_end	no_high_confidence_immediate_alignment	Esek significa contienda.
Gen.26.33	Gen.26.33-fn1	fallback	verse_end	no_high_confidence_immediate_alignment	Sibah puede significar juramento o siete.
Gen.27.46	Gen.27.46-fn1	fallback	verse_end	no_high_confidence_immediate_alignment	O hijas de Het
Gen.28.13	Gen.28.13-fn1	fallback	verse_end	no_high_confidence_immediate_alignment	O allí junto a él
Gen.29.17	Gen.29.17-fn1	fallback	verse_end	no_high_confidence_immediate_alignment	O tenía ojos delicados
Gen.30.3	Gen.30.3-fn1	fallback	verse_end	no_high_confidence_immediate_alignment	Literalmente da a luz sobre mis rodillas
Gen.30.11	Gen.30.11-fn1	fallback	verse_end	no_high_confidence_immediate_alignment	Lectura alternativa del TM (véase también LXX); la otra lectura alternativa dice “¡Viene una tropa!”
Gen.31.20	Gen.31.20-fn1	fallback	verse_end	no_high_confidence_immediate_alignment	O robó el corazón de; también en los versículos 26 y 27
Gen.32.20	Gen.32.20-fn1	fallback	verse_end	no_high_confidence_immediate_alignment	O aplacaré su rostro
Gen.32.24	Gen.32.24-fn1	fallback	verse_end	no_high_confidence_immediate_alignment	O Varón; aquí y en los versículos 25–28; los pronombres correspondientes también pueden escribirse con mayúscula
Gen.32.30	Gen.32.30-fn1	fallback	verse_end	no_high_confidence_immediate_alignment	Peniel significa el rostro de Dios.
Gen.32.31	Gen.32.31-fn1	fallback	verse_end	no_high_confidence_immediate_alignment	Penuel es una variante de Peniel; véase el versículo 30.
Gen.33.11	Gen.33.11-fn1	fallback	verse_end	no_high_confidence_immediate_alignment	O bendición o pacto de paz
Gen.33.18	Gen.33.18-fn1	fallback	verse_end	no_high_confidence_immediate_alignment	Es decir, el noroeste de Mesopotamia
Gen.35.4	Gen.35.4-fn1	fallback	verse_end	no_high_confidence_immediate_alignment	O terebinto o gran árbol
Gen.35.7	Gen.35.7-fn1	fallback	verse_end	no_high_confidence_immediate_alignment	El-bet-el significa Dios de Bet-el.
Gen.35.8	Gen.35.8-fn1	fallback	verse_end	no_high_confidence_immediate_alignment	O gran árbol
Gen.35.9	Gen.35.9-fn1	fallback	verse_end	no_high_confidence_immediate_alignment	Es decir, el noroeste de Mesopotamia; también en el versículo 26
Gen.35.18	Gen.35.18-fn1	fallback	verse_end	no_high_confidence_immediate_alignment	Ben-oni podría significar hijo de mi dolor o hijo de mi fuerza.
Gen.36.16	Gen.36.16-fn1	fallback	verse_end	no_high_confidence_immediate_alignment	Hebreo; SP (también en el versículo 11 y 1 Crónicas 1:36) no incluye Coré.
Gen.36.22	Gen.36.22-fn1	fallback	verse_end	no_high_confidence_immediate_alignment	Hemam es una variante de Homam; véase 1 Crónicas 1:39.
Gen.36.26	Gen.36.26-fn1	fallback	verse_end	no_high_confidence_immediate_alignment	Hebreo Disán, una variante de Disón
Gen.36.37	Gen.36.37-fn1	fallback	verse_end	no_high_confidence_immediate_alignment	Hebreo el Río
Gen.36.39	Gen.36.39-fn1	fallback	verse_end	no_high_confidence_immediate_alignment	Algunos manuscritos del TM, SP y Siríaco (véase también 1 Crónicas 1:50); otros manuscritos del TM Hadar
Gen.37.36	Gen.37.36-fn1	fallback	verse_end	no_high_confidence_immediate_alignment	Hebreo los medanitas
Gen.38.23	Gen.38.23-fn1	fallback	verse_end	no_high_confidence_immediate_alignment	O seremos menospreciados
Gen.40.19	Gen.40.19-fn1	fallback	verse_end	no_high_confidence_immediate_alignment	O y te empalarán en una estaca; similarmente en el versículo 22
Gen.41.34	Gen.41.34-fn1	fallback	verse_end	no_high_confidence_immediate_alignment	Véase LXX; TM un quinto de la tierra
Gen.41.45	Gen.41.45-fn1	fallback	verse_end	no_high_confidence_immediate_alignment	Zafenat-panea probablemente significa Revelador de misterios o Dios habla y vive.
Gen.41.45	Gen.41.45-fn2	fallback	verse_end	source_anchor_word_not_semantically_specific	Es decir, Heliópolis, como en LXX; también en el versículo 50
Gen.42.25	Gen.42.25-fn1	fallback	verse_end	no_high_confidence_immediate_alignment	O dinero; aquí y en los capítulos 42–44
Gen.44.5	Gen.44.5-fn1	fallback	verse_end	no_high_confidence_immediate_alignment	Hebreo ¿No es esta la que
Gen.46.10	Gen.46.10-fn1	fallback	verse_end	no_high_confidence_immediate_alignment	Jemuel es otro nombre para Nemuel; véase Números 26:12.
Gen.46.10	Gen.46.10-fn2	fallback	verse_end	no_high_confidence_immediate_alignment	Zohar es una variante de Zera; véase Números 26:13 y 1 Crónicas 4:24.
Gen.46.13	Gen.46.13-fn1	fallback	verse_end	no_high_confidence_immediate_alignment	Hebreo; SP y Siríaco Fúa; véase 1 Crónicas 7:1.
Gen.46.13	Gen.46.13-fn2	fallback	verse_end	no_high_confidence_immediate_alignment	Hebreo; SP y algunos manuscritos LXX Jasub; véase Números 26:24 y 1 Crónicas 7:1.
Gen.46.16	Gen.46.16-fn1	fallback	verse_end	no_high_confidence_immediate_alignment	SP y LXX Zefón; véase también Números 26:15.
Gen.46.16	Gen.46.16-fn2	fallback	verse_end	no_high_confidence_immediate_alignment	Arodi es una variante de Arod; véase Números 26:17.
Gen.47.9	Gen.47.9-fn1	fallback	verse_end	no_high_confidence_immediate_alignment	Hebreo peregrinaciones; dos veces en este versículo
Gen.47.21	Gen.47.21-fn1	fallback	verse_end	no_high_confidence_immediate_alignment	SP, LXX, Vulgata; hebreo trasladó al pueblo a las ciudades
Gen.48.7	Gen.48.7-fn1	fallback	verse_end	no_high_confidence_immediate_alignment	Es decir, el noroeste de Mesopotamia
Gen.48.22	Gen.48.22-fn1	fallback	verse_end	no_high_confidence_immediate_alignment	O una porción de tierra; hebreo shekem, que suena como el pueblo y distrito llamado Siquem
Gen.49.5	Gen.49.5-fn1	fallback	verse_end	no_high_confidence_immediate_alignment	O moradas
Gen.49.10	Gen.49.10-fn2	fallback	verse_end	no_high_confidence_immediate_alignment	O hasta que venga Aquel a quien pertenece el tributo
Gen.49.26	Gen.49.26-fn1	fallback	verse_end	no_high_confidence_immediate_alignment	O de mis antepasados
Gen.50.23	Gen.50.23-fn1	fallback	verse_end	source_anchor_word_not_semantically_specific	O nacido o puesto al nacer
Exod.1.5	Exod.1.5-fn1	fallback	verse_end	no_high_confidence_immediate_alignment	TM (véase también Génesis 46:27); DSS y LXX (véase también Hechos 7:14) setenta y cinco
Exod.1.22	Exod.1.22-fn1	fallback	verse_end	no_high_confidence_immediate_alignment	SP, LXX y Targum Yonatán; el hebreo no incluye a los hebreos.
Exod.2.3	Exod.2.3-fn1	fallback	verse_end	no_high_confidence_immediate_alignment	El hebreo también puede significar arca; también en el versículo 5; véase Génesis 6:14.
Exod.2.11	Exod.2.11-fn1	fallback	verse_end	no_high_confidence_immediate_alignment	O sus hermanos
Exod.2.14	Exod.2.14-fn1	fallback	verse_end	no_high_confidence_immediate_alignment	Citado en Hechos 7:27 y Hechos 7:35
Exod.2.18	Exod.2.18-fn1	fallback	verse_end	no_high_confidence_immediate_alignment	Reuel también era llamado Jetro; véase Éxodo 3:1.
Exod.2.22	Exod.2.22-fn1	fallback	verse_end	no_high_confidence_immediate_alignment	Gersón suena como el hebreo para extranjero.
Exod.3.1	Exod.3.1-fn1	fallback	verse_end	no_high_confidence_immediate_alignment	El suegro de Moisés, Jetro, también era llamado Reuel; véase Éxodo 2:18.
Exod.3.14	Exod.3.14-fn1	fallback	verse_end	no_high_confidence_immediate_alignment	O YO SOY EL QUE SOY
Exod.4.3	Exod.4.3-fn1	fallback	verse_end	no_high_confidence_immediate_alignment	Hebreo nachash, en contraste con la vara de Aarón, que se convirtió en tannin en Éxodo 7:10
Exod.4.6	Exod.4.6-fn1	fallback	verse_end	no_high_confidence_immediate_alignment	Hebreo en tu seno; dos veces en este versículo y dos veces en el versículo 7
Exod.4.6	Exod.4.6-fn2	fallback	verse_end	no_high_confidence_immediate_alignment	La palabra hebrea traducida tradicionalmente como leprosa se usaba para diversas enfermedades de la piel; véase Levítico 13.
Exod.4.18	Exod.4.18-fn1	fallback	verse_end	no_high_confidence_immediate_alignment	El suegro de Moisés, Jetro, también era llamado Reuel; véase Éxodo 2:18.
Exod.4.21	Exod.4.21-fn1	fallback	verse_end	no_high_confidence_immediate_alignment	O endurecer o fortalecer
Exod.4.24	Exod.4.24-fn1	fallback	verse_end	no_high_confidence_immediate_alignment	Hebreo él
Exod.6.15	Exod.6.15-fn1	fallback	verse_end	no_high_confidence_immediate_alignment	Zohar es una variante de Zera; véase Números 26:13 y 1 Crónicas 4:24.
Exod.6.22	Exod.6.22-fn1	fallback	verse_end	no_high_confidence_immediate_alignment	Elzafán es una variante de Elizafán; véase Números 3:30.
Exod.6.24	Exod.6.24-fn1	fallback	verse_end	no_high_confidence_immediate_alignment	Abiasaf es una variante de Ebiasaf; véase 1 Crónicas 6:23 y 1 Crónicas 9:19.
Exod.7.13	Exod.7.13-fn1	fallback	verse_end	no_high_confidence_immediate_alignment	O endureció o fortaleció; también en el versículo 22
Exod.7.14	Exod.7.14-fn1	fallback	verse_end	no_high_confidence_immediate_alignment	O pesado o terco
Exod.7.20	Exod.7.20-fn1	fallback	verse_end	no_high_confidence_immediate_alignment	Hebreo él alzó la vara; véase el versículo 19; algunos traductores Moisés alzó la vara.
Exod.8.15	Exod.8.15-fn1	fallback	verse_end	no_high_confidence_immediate_alignment	O endureció; también en el versículo 32
Exod.8.19	Exod.8.19-fn1	fallback	verse_end	no_high_confidence_immediate_alignment	O endureció o fortaleció
Exod.8.21	Exod.8.21-fn1	fallback	verse_end	no_high_confidence_immediate_alignment	Literalmente una mezcla nociva; también en los versículos 22, 24, 29 y 31
Exod.8.23	Exod.8.23-fn1	fallback	verse_end	no_high_confidence_immediate_alignment	LXX y Vulgata; hebreo pondré redención
Exod.9.7	Exod.9.7-fn1	fallback	verse_end	no_high_confidence_immediate_alignment	O endureció; también en el versículo 34
Exod.9.14	Exod.9.14-fn1	fallback	verse_end	source_anchor_word_not_semantically_specific	Hebreo contra tu corazón o contra tu hombre interior
Exod.9.16	Exod.9.16-fn1	fallback	verse_end	source_anchor_word_not_semantically_specific	O te he preservado
Exod.9.16	Exod.9.16-fn2	fallback	verse_end	source_anchor_word_not_semantically_specific	LXX en ti
Exod.10.1	Exod.10.1-fn1	fallback	verse_end	no_high_confidence_immediate_alignment	O endureció
Exod.11.7	Exod.11.7-fn1	fallback	verse_end	no_high_confidence_immediate_alignment	Algunos traductores cierran esta cita al final del versículo.
Exod.11.10	Exod.11.10-fn1	fallback	verse_end	no_high_confidence_immediate_alignment	O endureció o fortaleció
Exod.12.7	Exod.12.7-fn1	fallback	verse_end	no_high_confidence_immediate_alignment	Literalmente sobre los dos postes de la puerta y sobre el dintel; similarmente en los versículos 22 y 23
Exod.12.11	Exod.12.11-fn1	fallback	verse_end	no_high_confidence_immediate_alignment	Literalmente Ciñe tus lomos
Exod.13.2	Exod.13.2-fn1	fallback	verse_end	no_high_confidence_immediate_alignment	Citado en Lucas 2:23
Exod.13.4	Exod.13.4-fn1	fallback	verse_end	no_high_confidence_immediate_alignment	Abib era el primer mes del antiguo calendario lunar hebreo, que generalmente ocurría dentro de los meses de marzo y abril.
Exod.14.4	Exod.14.4-fn1	fallback	verse_end	no_high_confidence_immediate_alignment	O endurecer o fortalecer; similarmente en los versículos 8 y 17
Exod.14.25	Exod.14.25-fn1	fallback	verse_end	no_high_confidence_immediate_alignment	O desviarse o desprenderse o atar; véase también SP, LXX y Siríaco.
Exod.15.23	Exod.15.23-fn1	fallback	verse_end	no_high_confidence_immediate_alignment	Marah significa amargo.
Exod.16.1	Exod.16.1-fn1	fallback	verse_end	no_high_confidence_immediate_alignment	El nombre geográfico Sin está relacionado con Sinaí y no debe confundirse con la palabra inglesa sin.
Exod.16.16	Exod.16.16-fn1	fallback	verse_end	no_high_confidence_immediate_alignment	Un omer equivale aproximadamente a 2.2 litros; también en los versículos 18, 32, 33 y 36.
Exod.16.18	Exod.16.18-fn1	fallback	verse_end	no_high_confidence_immediate_alignment	Citado en 2 Corintios 8:15
Exod.16.22	Exod.16.22-fn1	fallback	verse_end	no_high_confidence_immediate_alignment	2 ómeres equivalen aproximadamente a 4.4 litros por persona.
Exod.17.1	Exod.17.1-fn1	fallback	verse_end	no_high_confidence_immediate_alignment	El nombre geográfico Sin está relacionado con Sinaí y no debe confundirse con la palabra inglesa sin.
Exod.17.7	Exod.17.7-fn1	fallback	verse_end	no_high_confidence_immediate_alignment	Masah significa prueba.
Exod.18.1	Exod.18.1-fn1	fallback	verse_end	no_high_confidence_immediate_alignment	El suegro de Moisés, Jetro, también era llamado Reuel; véase Éxodo 2:18.
Exod.18.3	Exod.18.3-fn1	fallback	verse_end	no_high_confidence_immediate_alignment	Gersón suena como el hebreo para extranjero.
Exod.19.1	Exod.19.1-fn1	fallback	verse_end	no_high_confidence_immediate_alignment	Hebreo En el tercer mes, el mismo día; es decir, dos meses después de salir de Egipto; véase Números 33:3.
Exod.20.6	Exod.20.6-fn1	fallback	verse_end	no_high_confidence_immediate_alignment	O a millares
Exod.21.8	Exod.21.8-fn1	fallback	verse_end	no_high_confidence_immediate_alignment	O para que él no la designe para sí
Exod.21.17	Exod.21.17-fn1	fallback	verse_end	no_high_confidence_immediate_alignment	O deshonra o difama
Exod.21.22	Exod.21.22-fn1	fallback	verse_end	no_high_confidence_immediate_alignment	O ella tiene un aborto espontáneo
Exod.21.24	Exod.21.24-fn1	fallback	verse_end	no_high_confidence_immediate_alignment	Citado en Mateo 5:38
Exod.22.9	Exod.22.9-fn1	fallback	verse_end	no_high_confidence_immediate_alignment	O a quien Dios condene
Exod.23.16	Exod.23.16-fn1	fallback	verse_end	no_high_confidence_immediate_alignment	Es decir, Shavuot, la fiesta de peregrinación de finales de primavera a Jerusalén; también se conoce como la Fiesta de las Semanas (véase Éxodo 34:22) o la Fiesta de Pentecostés (véase Hechos 2:1).
Exod.23.16	Exod.23.16-fn2	fallback	verse_end	no_high_confidence_immediate_alignment	Es decir, Sucot, la fiesta de peregrinación de otoño a Jerusalén; más tarde se llama la Fiesta de los Tabernáculos (o Cabañas o Enramadas).
Exod.23.25	Exod.23.25-fn1	fallback	verse_end	no_high_confidence_immediate_alignment	LXX y Vulgata bendeciré
Exod.26.17	Exod.26.17-fn1	fallback	verse_end	no_high_confidence_immediate_alignment	Es decir, piezas de madera que sobresalen y están hechas para insertarse en otra pieza; similarmente en el versículo 19.
Exod.27.9	Exod.27.9-fn1	fallback	verse_end	no_high_confidence_immediate_alignment	100 codos equivalen aproximadamente a 45.7 metros; también en el versículo 11.
Exod.27.18	Exod.27.18-fn2	fallback	verse_end	no_high_confidence_immediate_alignment	5 codos equivalen aproximadamente a 2.3 metros.
Exod.28.30	Exod.28.30-fn1	fallback	verse_end	no_high_confidence_immediate_alignment	Literalmente Luces y Perfecciones
Exod.28.32	Exod.28.32-fn1	fallback	verse_end	no_high_confidence_immediate_alignment	El significado de la palabra hebrea es incierto; posiblemente una cota de malla.
Exod.29.40	Exod.29.40-fn2	fallback	verse_end	no_high_confidence_immediate_alignment	Hebreo un cuarto de hin de aceite prensado; es decir, aproximadamente 0.92 litros
Exod.30.8	Exod.30.8-fn1	fallback	verse_end	no_high_confidence_immediate_alignment	Hebreo entre las dos tardes
Exod.30.13	Exod.30.13-fn2	fallback	verse_end	no_high_confidence_immediate_alignment	20 gerahs equivalen a un siclo (aproximadamente 11.4 gramos).
Exod.30.23	Exod.30.23-fn1	fallback	verse_end	no_high_confidence_immediate_alignment	500 siclos equivalen aproximadamente a 5.7 kilogramos de mirra.
Exod.30.23	Exod.30.23-fn2	fallback	verse_end	no_high_confidence_immediate_alignment	250 siclos equivalen aproximadamente a 2.9 kilogramos de canela.
Exod.30.24	Exod.30.24-fn1	fallback	verse_end	no_high_confidence_immediate_alignment	500 siclos equivalen aproximadamente a 5.7 kilogramos de casia.
Exod.32.25	Exod.32.25-fn1	fallback	verse_end	no_high_confidence_immediate_alignment	O y convertirse en objeto de burla
Exod.32.29	Exod.32.29-fn1	fallback	verse_end	no_high_confidence_immediate_alignment	O se han consagrado
Exod.34.7	Exod.34.7-fn1	fallback	verse_end	no_high_confidence_immediate_alignment	Hebreo a millares
Exod.34.18	Exod.34.18-fn2	fallback	verse_end	no_high_confidence_immediate_alignment	Abib era el primer mes del antiguo calendario lunar hebreo, que generalmente ocurría dentro de los meses de marzo y abril; dos veces en este versículo.
Exod.34.22	Exod.34.22-fn2	fallback	verse_end	no_high_confidence_immediate_alignment	Es decir, Sucot, la fiesta de peregrinación de otoño a Jerusalén; más tarde se llama la Fiesta de los Tabernáculos (o Cabañas o Enramadas).
Exod.36.22	Exod.36.22-fn1	fallback	verse_end	no_high_confidence_immediate_alignment	Es decir, piezas de madera que sobresalen y están hechas para insertarse en otra pieza; similarmente en el versículo 24.
Exod.37.12	Exod.37.12-fn1	fallback	verse_end	no_high_confidence_immediate_alignment	Un palmo equivale aproximadamente a 7.4 centímetros.
Exod.38.1	Exod.38.1-fn1	fallback	verse_end	no_high_confidence_immediate_alignment	Literalmente Él construyó
Exod.38.14	Exod.38.14-fn1	fallback	verse_end	no_high_confidence_immediate_alignment	15 codos equivalen aproximadamente a 6.9 metros.
Exod.38.18	Exod.38.18-fn1	fallback	verse_end	no_high_confidence_immediate_alignment	20 codos equivalen aproximadamente a 9.1 metros.
Exod.39.2	Exod.39.2-fn1	fallback	verse_end	no_high_confidence_immediate_alignment	Literalmente Él hizo
Exod.39.10	Exod.39.10-fn1	fallback	verse_end	no_high_confidence_immediate_alignment	La identificación precisa de algunas de estas piedras preciosas es incierta.
Exod.39.23	Exod.39.23-fn1	fallback	verse_end	no_high_confidence_immediate_alignment	El significado de la palabra hebrea es incierto; posiblemente una cota de malla.
Lev.1.16	Lev.1.16-fn1	fallback	verse_end	no_high_confidence_immediate_alignment	O el buche y las plumas
Lev.2.7	Lev.2.7-fn1	fallback	verse_end	no_high_confidence_immediate_alignment	Es decir, una olla honda o cacerola
Lev.5.15	Lev.5.15-fn1	fallback	verse_end	no_high_confidence_immediate_alignment	O del rebaño o su equivalencia
Lev.5.19	Lev.5.19-fn1	fallback	verse_end	no_high_confidence_immediate_alignment	O ha pagado plena compensación
Lev.6.21	Lev.6.21-fn1	fallback	verse_end	no_high_confidence_immediate_alignment	Es decir, una sartén poco profunda para hornear o freír
Lev.6.21	Lev.6.21-fn2	fallback	verse_end	no_high_confidence_immediate_alignment	O horneado
Lev.7.9	Lev.7.9-fn1	fallback	verse_end	no_high_confidence_immediate_alignment	Es decir, una olla honda o cacerola
Lev.10.1	Lev.10.1-fn1	fallback	verse_end	no_high_confidence_immediate_alignment	O extraño
Lev.10.4	Lev.10.4-fn1	fallback	verse_end	no_high_confidence_immediate_alignment	Elzafán es una variante de Elizafán; véase Números 3:30.
Lev.10.6	Lev.10.6-fn1	fallback	verse_end	no_high_confidence_immediate_alignment	O No descubras tu cabeza
Lev.11.4	Lev.11.4-fn1	fallback	verse_end	no_high_confidence_immediate_alignment	La identificación precisa de algunas de las aves y animales en este capítulo es incierta.
Lev.11.5	Lev.11.5-fn1	fallback	verse_end	no_high_confidence_immediate_alignment	O El conejo o El damán
Lev.11.16	Lev.11.16-fn1	fallback	verse_end	no_high_confidence_immediate_alignment	Literalmente la hija del avestruz o la hija del búho
Lev.11.26	Lev.11.26-fn1	fallback	verse_end	no_high_confidence_immediate_alignment	Literalmente una pezuña hendida no completamente dividida
Lev.12.8	Lev.12.8-fn1	fallback	verse_end	no_high_confidence_immediate_alignment	Citado en Lucas 2:24
Lev.13.2	Lev.13.2-fn1	fallback	verse_end	no_high_confidence_immediate_alignment	Las formas del hebreo tzaraath, traducidas tradicionalmente como lepra, se usaban para diversas enfermedades de la piel; aquí y en los versículos 3–46.
Lev.13.45	Lev.13.45-fn1	fallback	verse_end	no_high_confidence_immediate_alignment	O descubra su cabeza
Lev.13.47	Lev.13.47-fn1	fallback	verse_end	no_high_confidence_immediate_alignment	Las formas del hebreo tzaraath, traducidas tradicionalmente como lepra con respecto a las enfermedades de la piel, se traducen como moho con respecto a las manchas en prendas, utensilios o edificios; aquí y en el resto de este capítulo.
Lev.14.2	Lev.14.2-fn1	fallback	verse_end	no_high_confidence_immediate_alignment	Las formas del hebreo tzaraath, traducidas tradicionalmente como lepra, se usaban para diversas enfermedades de la piel; también en los versículos 3, 7, 32, 54 y 57.
Lev.14.31	Lev.14.31-fn1	fallback	verse_end	no_high_confidence_immediate_alignment	LXX y Siríaco; hebreo incluye según su capacidad económica,
Lev.14.34	Lev.14.34-fn1	fallback	verse_end	no_high_confidence_immediate_alignment	Las formas del hebreo tzaraath, traducidas tradicionalmente como lepra con respecto a las enfermedades de la piel, se traducen como moho con respecto a las manchas en prendas, utensilios o edificios; aquí y en el resto de este capítulo.
Lev.16.2	Lev.16.2-fn1	fallback	verse_end	no_high_confidence_immediate_alignment	O el Lugar Santo; también en los versículos 16, 17, 20, 23 y 27
Lev.16.29	Lev.16.29-fn1	fallback	verse_end	no_high_confidence_immediate_alignment	O afligir sus almas o negarse a sí mismos; también en el versículo 31
Lev.16.33	Lev.16.33-fn1	fallback	verse_end	no_high_confidence_immediate_alignment	O el Santuario Santo
Lev.18.5	Lev.18.5-fn1	fallback	verse_end	source_anchor_word_not_semantically_specific	Citado en Romanos 10:5 y Gálatas 3:12; véase también Ezequiel 20:11, 13 y 21.
Lev.18.6	Lev.18.6-fn1	fallback	verse_end	no_high_confidence_immediate_alignment	Literalmente para descubrir (su) desnudez; aquí y en todo este capítulo
Lev.18.21	Lev.18.21-fn1	fallback	verse_end	no_high_confidence_immediate_alignment	Hebreo para hacerlos pasar (por el fuego)
Lev.19.16	Lev.19.16-fn1	fallback	verse_end	no_high_confidence_immediate_alignment	Literalmente sangre
Lev.19.18	Lev.19.18-fn1	fallback	verse_end	no_high_confidence_immediate_alignment	Citado en Mateo 5:43, Mateo 19:19, Mateo 22:39, Marcos 12:31, Lucas 10:27, Romanos 13:9, Gálatas 5:14 y Santiago 2:8
Lev.19.23	Lev.19.23-fn1	fallback	verse_end	no_high_confidence_immediate_alignment	Hebreo como incircunciso; dos veces en este versículo
Lev.20.9	Lev.20.9-fn1	fallback	verse_end	no_high_confidence_immediate_alignment	O deshonra o difama; similarmente de nuevo en este versículo
Lev.20.9	Lev.20.9-fn2	fallback	verse_end	no_high_confidence_immediate_alignment	Citado en Mateo 15:4 y Marcos 7:10
Lev.20.17	Lev.20.17-fn1	fallback	verse_end	no_high_confidence_immediate_alignment	Literalmente y él ve su desnudez y ella ve su desnudez
Lev.20.18	Lev.20.18-fn1	fallback	verse_end	source_anchor_word_not_semantically_specific	Literalmente descubre su desnudez; similarmente en el versículo 19
Lev.21.10	Lev.21.10-fn1	fallback	verse_end	no_high_confidence_immediate_alignment	O no debe descubrir su cabeza
Lev.22.4	Lev.22.4-fn1	fallback	verse_end	no_high_confidence_immediate_alignment	Las formas del hebreo tzaraath, traducidas tradicionalmente como lepra, se usaban para diversas enfermedades de la piel; véase Levítico 13.
Lev.22.23	Lev.22.23-fn1	fallback	verse_end	no_high_confidence_immediate_alignment	O un toro o una vaca
Lev.22.28	Lev.22.28-fn1	fallback	verse_end	no_high_confidence_immediate_alignment	O una vaca
Lev.23.5	Lev.23.5-fn1	fallback	verse_end	no_high_confidence_immediate_alignment	Hebreo comienza entre las dos tardes del decimocuarto
Lev.23.27	Lev.23.27-fn1	fallback	verse_end	no_high_confidence_immediate_alignment	O afligir sus almas o negarse a sí mismos; también en el versículo 32
Lev.23.42	Lev.23.42-fn1	fallback	verse_end	no_high_confidence_immediate_alignment	O tabernáculos o enramadas; dos veces en este versículo, y también en el versículo 43; véase la nota al pie para el versículo 34.
Lev.24.14	Lev.24.14-fn1	fallback	verse_end	no_high_confidence_immediate_alignment	Literalmente el que maldijo
Lev.24.20	Lev.24.20-fn1	fallback	verse_end	no_high_confidence_immediate_alignment	Citado en Mateo 5:38
Lev.26.11	Lev.26.11-fn1	fallback	verse_end	no_high_confidence_immediate_alignment	O Mi tabernáculo
Lev.26.11	Lev.26.11-fn2	fallback	verse_end	no_high_confidence_immediate_alignment	O rechazar; también en el versículo 30
Lev.26.26	Lev.26.26-fn1	fallback	verse_end	no_high_confidence_immediate_alignment	Hebreo vara
Lev.27.8	Lev.27.8-fn1	fallback	verse_end	no_high_confidence_immediate_alignment	O presentarse
Lev.27.28	Lev.27.28-fn1	fallback	verse_end	no_high_confidence_immediate_alignment	Las formas del hebreo cherem se refieren a la entrega de cosas o personas al SEÑOR; similarmente en el versículo 29.
Num.3.4	Num.3.4-fn1	fallback	verse_end	no_high_confidence_immediate_alignment	O extraño
Num.3.9	Num.3.9-fn1	fallback	verse_end	no_high_confidence_immediate_alignment	La mayoría de los manuscritos del TM; algunos manuscritos del TM, SP y LXX (véase también Números 8:16) a Mí
Num.3.28	Num.3.28-fn1	fallback	verse_end	source_anchor_word_not_semantically_specific	Hebreo; algunos manuscritos LXX 8.300; véase el total en el versículo 39.
Num.3.30	Num.3.30-fn1	fallback	verse_end	no_high_confidence_immediate_alignment	Elizafán es una variante de Elzafán; véase Éxodo 6:22 y Levítico 10:4.
Num.5.2	Num.5.2-fn1	fallback	verse_end	no_high_confidence_immediate_alignment	Las formas del hebreo tzaraath, traducidas tradicionalmente como lepra, se usaban para diversas enfermedades de la piel; véase Levítico 13.
Num.6.2	Num.6.2-fn1	fallback	verse_end	no_high_confidence_immediate_alignment	Nazareo significa uno separado o uno consagrado.
Num.9.3	Num.9.3-fn1	fallback	verse_end	no_high_confidence_immediate_alignment	Hebreo entre las dos tardes del decimocuarto; también en los versículos 5 y 11
Num.9.16	Num.9.16-fn1	fallback	verse_end	no_high_confidence_immediate_alignment	LXX, Siríaco y Vulgata; hebreo no incluye de día
Num.10.29	Num.10.29-fn1	fallback	verse_end	no_high_confidence_immediate_alignment	Reuel también era llamado Jetro; véase Éxodo 3:1.
Num.11.3	Num.11.3-fn1	fallback	verse_end	no_high_confidence_immediate_alignment	Tabera significa ardor.
Num.11.31	Num.11.31-fn1	fallback	verse_end	no_high_confidence_immediate_alignment	O hasta dos codos de profundidad; es decir, aproximadamente 91.4 centímetros
Num.11.32	Num.11.32-fn1	fallback	verse_end	no_high_confidence_immediate_alignment	10 homers equivalen aproximadamente a 2,200 litros.
Num.11.34	Num.11.34-fn1	fallback	verse_end	no_high_confidence_immediate_alignment	Kibrot-hattaava significa sepulcros del antojo.
Num.12.10	Num.12.10-fn1	fallback	verse_end	no_high_confidence_immediate_alignment	La palabra hebrea traducida tradicionalmente como leprosa se usaba para diversas enfermedades de la piel; véase Levítico 13.
Num.13.3	Num.13.3-fn1	fallback	verse_end	no_high_confidence_immediate_alignment	Literalmente según la boca
Num.13.23	Num.13.23-fn1	fallback	verse_end	no_high_confidence_immediate_alignment	Escol significa racimo; también en el versículo 24.
Num.16.3	Num.16.3-fn1	fallback	verse_end	no_high_confidence_immediate_alignment	Figurativamente Habéis ido demasiado lejos o Habéis usurpado demasiada autoridad; similarmente en el versículo 7
Num.16.5	Num.16.5-fn1	fallback	verse_end	no_high_confidence_immediate_alignment	LXX Dios ha visitado y conoce a los que son suyos; citado en 2 Timoteo 2:19
Num.18.10	Num.18.10-fn1	fallback	verse_end	no_high_confidence_immediate_alignment	O Comerás en un lugar santísimo
Num.18.19	Num.18.19-fn1	fallback	verse_end	no_high_confidence_immediate_alignment	Es decir, un pacto perpetuo
Num.21.16	Num.21.16-fn1	fallback	verse_end	no_high_confidence_immediate_alignment	Beer significa pozo.
Num.21.23	Num.21.23-fn1	fallback	verse_end	no_high_confidence_immediate_alignment	Jahaz es una variante de Jahza; véase 1 Crónicas 6:78.
Num.22.32	Num.22.32-fn1	fallback	verse_end	no_high_confidence_immediate_alignment	O imprudente o contrario
Num.24.6	Num.24.6-fn1	fallback	verse_end	no_high_confidence_immediate_alignment	O como valles
Num.24.17	Num.24.17-fn1	fallback	verse_end	no_high_confidence_immediate_alignment	SP frentes; hebreo esquinas (de la cabeza); LXX príncipes
Num.24.22	Num.24.22-fn1	fallback	verse_end	no_high_confidence_immediate_alignment	O Asiria; también en el versículo 24
Num.24.24	Num.24.24-fn1	fallback	verse_end	no_high_confidence_immediate_alignment	Hebreo Quitim
Num.25.1	Num.25.1-fn1	fallback	verse_end	no_high_confidence_immediate_alignment	O Arboleda de Acacias
Num.26.4	Num.26.4-fn1	fallback	verse_end	no_high_confidence_immediate_alignment	Hacer un censo de los hombres se implica pero no se incluye en el hebreo; véase el versículo 2.
Num.26.12	Num.26.12-fn1	fallback	verse_end	no_high_confidence_immediate_alignment	Nemuel es otro nombre para Jemuel; véase Génesis 46:10.
Num.26.13	Num.26.13-fn1	fallback	verse_end	no_high_confidence_immediate_alignment	Zera es una variante de Zohar; véase Génesis 46:10 y Éxodo 6:15.
Num.26.17	Num.26.17-fn1	fallback	verse_end	no_high_confidence_immediate_alignment	SP y Siríaco Arodi; véase Génesis 46:16.
Num.26.24	Num.26.24-fn1	fallback	verse_end	no_high_confidence_immediate_alignment	Jasub es una variante de Job; véase Génesis 46:13.
Num.26.30	Num.26.30-fn1	fallback	verse_end	no_high_confidence_immediate_alignment	Jezer es una variante de Abiezer; véase Josué 17:2.
Num.26.39	Num.26.39-fn1	fallback	verse_end	no_high_confidence_immediate_alignment	Algunos manuscritos del TM, SP, Vulgata y Siríaco (véase también LXX); la mayoría de los manuscritos del TM Sefufam
Num.26.40	Num.26.40-fn1	fallback	verse_end	no_high_confidence_immediate_alignment	SP y Vulgata (véase también LXX); TM no incluye de Ard.
Num.26.61	Num.26.61-fn1	fallback	verse_end	no_high_confidence_immediate_alignment	O extraño
Num.27.12	Num.27.12-fn1	fallback	verse_end	no_high_confidence_immediate_alignment	LXX Sube al Monte Nebo al otro lado del Jordán
Num.29.3	Num.29.3-fn1	fallback	verse_end	no_high_confidence_immediate_alignment	Tres décimas partes de un efa equivalen aproximadamente a 6.6 litros (probablemente unos 3.5 kilogramos de harina); también en los versículos 9 y 14.
Num.29.4	Num.29.4-fn1	fallback	verse_end	no_high_confidence_immediate_alignment	La décima parte de un efa equivale aproximadamente a 2.2 litros (probablemente unos 1.2 kilogramos de harina); también en los versículos 10 y 15.
Num.29.7	Num.29.7-fn1	fallback	verse_end	no_high_confidence_immediate_alignment	O afligir sus almas o negarse a sí mismos
Num.32.3	Num.32.3-fn1	fallback	verse_end	no_high_confidence_immediate_alignment	Hebreo; véase el versículo 38, y similarmente en SP y LXX Sibma
Num.32.17	Num.32.17-fn1	fallback	verse_end	no_high_confidence_immediate_alignment	LXX nos armaremos para la batalla
Num.33.3	Num.33.3-fn1	fallback	verse_end	no_high_confidence_immediate_alignment	O salieron con denuedo; literalmente salieron con mano alzada
Num.33.8	Num.33.8-fn1	fallback	verse_end	no_high_confidence_immediate_alignment	Algunos manuscritos hebreos, SP y Vulgata; véase el versículo 7; la mayoría de los manuscritos del TM Hahirot
Num.33.45	Num.33.45-fn1	fallback	verse_end	no_high_confidence_immediate_alignment	Iim es otro nombre para Ije-abarim; véase el versículo 44.
Num.33.47	Num.33.47-fn1	fallback	verse_end	no_high_confidence_immediate_alignment	O las montañas al otro lado del río; también en el versículo 48
Num.34.4	Num.34.4-fn1	fallback	verse_end	no_high_confidence_immediate_alignment	O la Cuesta de los Escorpiones o el Paso de los Escorpiones
Num.35.4	Num.35.4-fn1	fallback	verse_end	no_high_confidence_immediate_alignment	1,000 codos equivalen aproximadamente a 457.2 metros.
Deut.2.23	Deut.2.23-fn1	fallback	verse_end	no_high_confidence_immediate_alignment	Es decir, Creta
Deut.2.34	Deut.2.34-fn1	fallback	verse_end	no_high_confidence_immediate_alignment	Las formas del hebreo cherem se refieren a la entrega de cosas o personas al SEÑOR, ya sea destruyéndolas o dándolas como ofrenda.
Deut.3.6	Deut.3.6-fn1	fallback	verse_end	no_high_confidence_immediate_alignment	Las formas del hebreo cherem se refieren a la entrega de cosas o personas al SEÑOR, ya sea destruyéndolas o dándolas como ofrenda.
Deut.3.14	Deut.3.14-fn1	fallback	verse_end	no_high_confidence_immediate_alignment	O las aldeas de Jair
Deut.4.13	Deut.4.13-fn1	fallback	verse_end	no_high_confidence_immediate_alignment	Hebreo las Diez Palabras
Deut.4.24	Deut.4.24-fn1	fallback	verse_end	no_high_confidence_immediate_alignment	Citado en Hebreos 12:29
Deut.4.48	Deut.4.48-fn1	fallback	verse_end	no_high_confidence_immediate_alignment	O Sion; Siríaco Sirión
Deut.4.49	Deut.4.49-fn1	fallback	verse_end	no_high_confidence_immediate_alignment	Es decir, el Mar Muerto
Deut.5.1	Deut.5.1-fn1	fallback	verse_end	source_anchor_word_not_semantically_specific	Tenga en cuenta que Deuteronomio 5:1 a Deuteronomio 26:19 puede presentarse como una sección continua de discurso ininterrumpido de Moisés. En lugar de múltiples niveles de citas anidadas, esta sección se ha separado con un doble espacio.
Deut.5.10	Deut.5.10-fn1	fallback	verse_end	no_high_confidence_immediate_alignment	Hebreo amor leal a millares; las formas del hebreo chesed se traducen aquí y en la mayoría de los casos en las Escrituras como amor leal; el rango de significado incluye amor, bondad, misericordia y fidelidad, así como lealtad a un pacto.
Deut.7.2	Deut.7.2-fn1	fallback	verse_end	no_high_confidence_immediate_alignment	Las formas del hebreo cherem se refieren a la entrega de cosas o personas al SEÑOR, ya sea destruyéndolas o dándolas como ofrenda; también dos veces en el versículo 26.
Deut.9.19	Deut.9.19-fn1	fallback	verse_end	no_high_confidence_immediate_alignment	LXX Y estoy muy aterrorizado; citado en Hebreos 12:21
Deut.9.22	Deut.9.22-fn1	fallback	verse_end	no_high_confidence_immediate_alignment	Tabera significa ardor; véase Números 11:3.
Deut.9.22	Deut.9.22-fn2	fallback	verse_end	no_high_confidence_immediate_alignment	Masah significa prueba; véase Éxodo 17:7.
Deut.10.4	Deut.10.4-fn1	fallback	verse_end	no_high_confidence_immediate_alignment	Hebreo las Diez Palabras
Deut.10.6	Deut.10.6-fn1	fallback	verse_end	no_high_confidence_immediate_alignment	O de los pozos de Bene-jaacán
Deut.11.14	Deut.11.14-fn1	fallback	verse_end	no_high_confidence_immediate_alignment	Hebreo; SP, LXX y Vulgata Él dará; también en el versículo 15
Deut.11.30	Deut.11.30-fn1	fallback	verse_end	no_high_confidence_immediate_alignment	SP, LXX y Siríaco (véase Génesis 12:6); hebreo Encinas o Terebintos o Grandes Árboles
Deut.13.6	Deut.13.6-fn1	fallback	verse_end	no_high_confidence_immediate_alignment	Hebreo la esposa de tu seno
Deut.13.15	Deut.13.15-fn1	fallback	verse_end	no_high_confidence_immediate_alignment	Las formas del hebreo cherem se refieren a la entrega de cosas o personas al SEÑOR, ya sea destruyéndolas o dándolas como ofrenda; similarmente en el versículo 17.
Deut.14.4	Deut.14.4-fn1	fallback	verse_end	no_high_confidence_immediate_alignment	La identificación precisa de algunas de las aves y animales en este capítulo es incierta.
Deut.14.7	Deut.14.7-fn1	fallback	verse_end	no_high_confidence_immediate_alignment	O el conejo o el damán
Deut.14.15	Deut.14.15-fn1	fallback	verse_end	no_high_confidence_immediate_alignment	Literalmente la hija del avestruz o la hija del búho
Deut.15.7	Deut.15.7-fn1	fallback	verse_end	no_high_confidence_immediate_alignment	O fortalecer o animar
Deut.15.12	Deut.15.12-fn1	fallback	verse_end	no_high_confidence_immediate_alignment	O se vende
Deut.16.1	Deut.16.1-fn1	fallback	verse_end	no_high_confidence_immediate_alignment	Abib era el primer mes del antiguo calendario lunar hebreo, que generalmente ocurría dentro de los meses de marzo y abril; dos veces en este versículo.
Deut.19.3	Deut.19.3-fn1	fallback	verse_end	no_high_confidence_immediate_alignment	O Debes inspeccionar el camino
Deut.19.21	Deut.19.21-fn1	fallback	verse_end	no_high_confidence_immediate_alignment	Citado en Mateo 5:38
Deut.20.17	Deut.20.17-fn1	fallback	verse_end	no_high_confidence_immediate_alignment	Las formas del hebreo cherem se refieren a la entrega de cosas o personas al SEÑOR, ya sea destruyéndolas o dándolas como ofrenda.
Deut.21.21	Deut.21.21-fn1	fallback	verse_end	source_anchor_word_not_semantically_specific	Citado en 1 Corintios 5:13
Deut.21.23	Deut.21.23-fn1	fallback	verse_end	no_high_confidence_immediate_alignment	LXX; hebreo cualquiera que es colgado está bajo la maldición de Dios; citado en Gálatas 3:13
Deut.22.1	Deut.22.1-fn1	fallback	verse_end	source_anchor_word_not_semantically_specific	O no debes ocultarte
Deut.22.9	Deut.22.9-fn1	fallback	verse_end	no_high_confidence_immediate_alignment	O será confiscado para el santuario
Deut.23.4	Deut.23.4-fn1	fallback	verse_end	no_high_confidence_immediate_alignment	Es decir, Mesopotamia; Aram-naharaim significa Aram de los dos ríos, probablemente la región entre el Éufrates y el Balih en el noroeste de Mesopotamia.
Deut.23.18	Deut.23.18-fn1	fallback	verse_end	no_high_confidence_immediate_alignment	Hebreo o un perro
Deut.24.8	Deut.24.8-fn1	fallback	verse_end	no_high_confidence_immediate_alignment	Las formas del hebreo tzaraath, traducidas tradicionalmente como lepra, se usaban para diversas enfermedades de la piel; véase Levítico 13.
Deut.27.20	Deut.27.20-fn1	fallback	verse_end	no_high_confidence_immediate_alignment	O descubrió el borde de la ropa de su padre
Deut.27.26	Deut.27.26-fn1	fallback	verse_end	no_high_confidence_immediate_alignment	LXX Maldito todo el que no permaneciere en todas las palabras de esta ley; citado en Gálatas 3:10
Deut.28.22	Deut.28.22-fn1	fallback	verse_end	no_high_confidence_immediate_alignment	O espada
Deut.28.54	Deut.28.54-fn1	fallback	verse_end	no_high_confidence_immediate_alignment	Hebreo la esposa de su seno
Deut.28.56	Deut.28.56-fn1	fallback	verse_end	no_high_confidence_immediate_alignment	Hebreo el marido de su seno
Deut.29.19	Deut.29.19-fn1	fallback	verse_end	no_high_confidence_immediate_alignment	O maldición
Deut.30.3	Deut.30.3-fn1	fallback	verse_end	no_high_confidence_immediate_alignment	O restaurar tu prosperidad
Deut.30.4	Deut.30.4-fn1	fallback	verse_end	no_high_confidence_immediate_alignment	O hasta el extremo de los cielos
Deut.31.1	Deut.31.1-fn1	fallback	verse_end	no_high_confidence_immediate_alignment	DSS y LXX; TM Cuando Moisés salió y habló
Deut.32.10	Deut.32.10-fn1	fallback	verse_end	no_high_confidence_immediate_alignment	Literalmente la pupila
Deut.32.35	Deut.32.35-fn1	fallback	verse_end	no_high_confidence_immediate_alignment	LXX; hebreo Mía es la venganza y la retribución; citado en Romanos 12:19 y Hebreos 10:30
Deut.32.43	Deut.32.43-fn1	fallback	verse_end	no_high_confidence_immediate_alignment	Véase DSS y LXX; TM omite Regocijaos, cielos, con Él, y adórenle todos los ángeles de Dios. Citado en Hebreos 1:6
Deut.32.43	Deut.32.43-fn2	fallback	verse_end	no_high_confidence_immediate_alignment	Citado en Romanos 15:10
Deut.32.43	Deut.32.43-fn3	fallback	verse_end	no_high_confidence_immediate_alignment	DSS y LXX; TM siervos
Deut.32.43	Deut.32.43-fn4	fallback	verse_end	no_high_confidence_immediate_alignment	LXX y Vulgata; TM omite y vengarás a los que te aborrecen
Deut.32.44	Deut.32.44-fn1	fallback	verse_end	no_high_confidence_immediate_alignment	LXX, Siríaco y Vulgata; hebreo Oseas, una variante de Josué
Deut.33.2	Deut.33.2-fn1	fallback	verse_end	no_high_confidence_immediate_alignment	LXX, Siríaco y Vulgata; hebreo sobre ellos
Deut.33.6	Deut.33.6-fn1	fallback	verse_end	no_high_confidence_immediate_alignment	O pero que
Deut.33.8	Deut.33.8-fn1	fallback	verse_end	no_high_confidence_immediate_alignment	DSS y LXX; TM no incluye a Leví; literalmente Sean Tus Perfecciones y Tus Luces para Tu hombre piadoso.
Deut.33.8	Deut.33.8-fn2	fallback	verse_end	no_high_confidence_immediate_alignment	Masah significa prueba; véase Éxodo 17:7.
Deut.33.9	Deut.33.9-fn1	fallback	verse_end	no_high_confidence_immediate_alignment	Hebreo ellos guardaron, probablemente refiriéndose a Leví en plural; similarmente dos veces en el versículo 10
Deut.33.12	Deut.33.12-fn1	fallback	verse_end	no_high_confidence_immediate_alignment	LXX; hebreo Él protege
Deut.33.23	Deut.33.23-fn1	fallback	verse_end	no_high_confidence_immediate_alignment	O el oeste
Deut.34.6	Deut.34.6-fn1	fallback	verse_end	no_high_confidence_immediate_alignment	SP y algunos manuscritos LXX lo sepultaron
Deut.34.12	Deut.34.12-fn1	fallback	verse_end	no_high_confidence_immediate_alignment	O hechos terribles
Josh.2.1	Josh.2.1-fn1	fallback	verse_end	no_high_confidence_immediate_alignment	O Arboleda de Acacias
Josh.3.1	Josh.3.1-fn1	fallback	verse_end	no_high_confidence_immediate_alignment	O Arboleda de Acacias
Josh.5.1	Josh.5.1-fn1	fallback	verse_end	no_high_confidence_immediate_alignment	Es decir, a lo largo de la costa mediterránea; literalmente a lo largo del mar
Josh.5.1	Josh.5.1-fn2	fallback	verse_end	source_anchor_word_not_semantically_specific	O hasta que hubiéramos cruzado
Josh.5.14	Josh.5.14-fn1	fallback	verse_end	no_high_confidence_immediate_alignment	O y rindió homenaje o y adoró
Josh.6.5	Josh.6.5-fn1	fallback	verse_end	no_high_confidence_immediate_alignment	O caer por sí sola o caer plana; similarmente en el versículo 20
Josh.6.17	Josh.6.17-fn1	fallback	verse_end	no_high_confidence_immediate_alignment	Las formas del hebreo cherem se refieren a la entrega de cosas o personas al SEÑOR, ya sea destruyéndolas o dándolas como ofrenda; también en los versículos 18 y 21.
Josh.7.1	Josh.7.1-fn1	fallback	verse_end	no_high_confidence_immediate_alignment	Las formas del hebreo cherem se refieren a la entrega de cosas o personas al SEÑOR, ya sea destruyéndolas o dándolas como ofrenda; también en los versículos 11, 12, 13 y 15.
Josh.7.1	Josh.7.1-fn2	fallback	verse_end	no_high_confidence_immediate_alignment	Acán significa perturbador; también llamado Acar en 1 Crónicas 2:7.
Josh.7.1	Josh.7.1-fn3	fallback	verse_end	no_high_confidence_immediate_alignment	Zabdi es una variante de Zimri; también en los versículos 17 y 18; véase LXX y 1 Crónicas 2:6.
Josh.7.5	Josh.7.5-fn1	fallback	verse_end	no_high_confidence_immediate_alignment	O hasta Sebarim
Josh.7.21	Josh.7.21-fn1	fallback	verse_end	no_high_confidence_immediate_alignment	Es decir, Babilonia
Josh.7.26	Josh.7.26-fn1	fallback	verse_end	no_high_confidence_immediate_alignment	Acor significa problema.
Josh.8.18	Josh.8.18-fn1	fallback	verse_end	no_high_confidence_immediate_alignment	O jabalina; dos veces en este versículo, y también en el versículo 26
Josh.8.26	Josh.8.26-fn1	fallback	verse_end	no_high_confidence_immediate_alignment	Las formas del hebreo cherem se refieren a la entrega de cosas o personas al SEÑOR, ya sea destruyéndolas o dándolas como ofrenda.
Josh.8.29	Josh.8.29-fn1	fallback	verse_end	no_high_confidence_immediate_alignment	O Empaló al rey de Ai en una estaca
Josh.8.31	Josh.8.31-fn1	fallback	verse_end	no_high_confidence_immediate_alignment	Éxodo 20:25; Deuteronomio 27:5
Josh.9.1	Josh.9.1-fn1	fallback	verse_end	no_high_confidence_immediate_alignment	Hebreo Sefela o tierras bajas; es decir, las estribaciones occidentales de Judea
Josh.9.4	Josh.9.4-fn1	fallback	verse_end	no_high_confidence_immediate_alignment	O se pusieron en camino con provisiones
Josh.10.1	Josh.10.1-fn1	fallback	verse_end	no_high_confidence_immediate_alignment	Las formas del hebreo cherem se refieren a la entrega de cosas o personas al SEÑOR, ya sea destruyéndolas o dándolas como ofrenda; también en los versículos 28, 35, 37, 39 y 40.
Josh.10.13	Josh.10.13-fn2	fallback	verse_end	no_high_confidence_immediate_alignment	O el Libro del Justo, comúnmente citado como Jasher
Josh.10.26	Josh.10.26-fn1	fallback	verse_end	no_high_confidence_immediate_alignment	O empaló sus cuerpos en cinco estacas; similarmente en el versículo 27
Josh.10.40	Josh.10.40-fn1	fallback	verse_end	no_high_confidence_immediate_alignment	Hebreo Sefela o tierras bajas; es decir, las estribaciones occidentales de Judea
Josh.11.2	Josh.11.2-fn2	fallback	verse_end	no_high_confidence_immediate_alignment	O en las alturas de Dor; Naftot-dor es una variante de Náfat-dor; véase Josué 12:23.
Josh.11.11	Josh.11.11-fn1	fallback	verse_end	no_high_confidence_immediate_alignment	Las formas del hebreo cherem se refieren a la entrega de cosas o personas al SEÑOR, ya sea destruyéndolas o dándolas como ofrenda; también en los versículos 12, 20 y 21.
Josh.11.20	Josh.11.20-fn1	fallback	verse_end	no_high_confidence_immediate_alignment	O endurecer o fortalecer
Josh.12.3	Josh.12.3-fn1	fallback	verse_end	no_high_confidence_immediate_alignment	Es decir, el Mar de Galilea
Josh.12.23	Josh.12.23-fn1	fallback	verse_end	no_high_confidence_immediate_alignment	O en las alturas de Dor; Náfat-dor es una variante de Naftot-dor; véase Josué 11:2.
Josh.13.4	Josh.13.4-fn1	fallback	verse_end	no_high_confidence_immediate_alignment	O Ara
Josh.13.5	Josh.13.5-fn1	fallback	verse_end	no_high_confidence_immediate_alignment	O el área de Biblos
Josh.13.27	Josh.13.27-fn1	fallback	verse_end	no_high_confidence_immediate_alignment	Es decir, el Mar de Galilea
Josh.15.3	Josh.15.3-fn1	fallback	verse_end	no_high_confidence_immediate_alignment	O la Cuesta de los Escorpiones o el Paso de los Escorpiones
Josh.15.4	Josh.15.4-fn1	fallback	verse_end	no_high_confidence_immediate_alignment	Es decir, el Mar Mediterráneo, también llamado el Mar Grande; también en los versículos 11, 12 y 47
Josh.15.4	Josh.15.4-fn2	fallback	verse_end	source_anchor_word_not_semantically_specific	LXX; hebreo tu
Josh.15.18	Josh.15.18-fn1	fallback	verse_end	no_high_confidence_immediate_alignment	Hebreo y algunos manuscritos LXX; otros manuscritos LXX y él la instó; véase Jueces 1:14.
Josh.15.33	Josh.15.33-fn1	fallback	verse_end	no_high_confidence_immediate_alignment	Hebreo Sefela o tierras bajas; es decir, las estribaciones occidentales de Judea
Josh.16.2	Josh.16.2-fn1	fallback	verse_end	no_high_confidence_immediate_alignment	LXX (Véase también Josué 18:13); hebreo desde Bet-el hasta Luz
Josh.17.2	Josh.17.2-fn1	fallback	verse_end	no_high_confidence_immediate_alignment	Abiezer es una variante de Jezer; véase Números 26:30.
Josh.18.18	Josh.18.18-fn1	fallback	verse_end	no_high_confidence_immediate_alignment	LXX; hebreo pendiente frente al Arabá
Josh.18.28	Josh.18.28-fn1	fallback	verse_end	no_high_confidence_immediate_alignment	LXX, Siríaco y Vulgata; hebreo el jebuseo
Josh.18.28	Josh.18.28-fn2	fallback	verse_end	no_high_confidence_immediate_alignment	Hebreo Gibeat
Josh.18.28	Josh.18.28-fn3	fallback	verse_end	no_high_confidence_immediate_alignment	LXX; hebreo Quiriat
Josh.19.28	Josh.19.28-fn1	fallback	verse_end	no_high_confidence_immediate_alignment	Algunos manuscritos hebreos Abdón; véase Josué 21:30.
Josh.19.50	Josh.19.50-fn1	fallback	verse_end	no_high_confidence_immediate_alignment	Timnat-sera también se conoce como Timnat-heres; véase Jueces 2:9.
Josh.22.10	Josh.22.10-fn1	fallback	verse_end	no_high_confidence_immediate_alignment	O al círculo de piedras o a la región; similarmente en el versículo 11
Josh.22.20	Josh.22.20-fn1	fallback	verse_end	no_high_confidence_immediate_alignment	Acán significa perturbador; también llamado Acar en 1 Crónicas 2:7.
Josh.22.20	Josh.22.20-fn2	fallback	verse_end	no_high_confidence_immediate_alignment	Las formas del hebreo cherem se refieren a la entrega de cosas o personas al SEÑOR, ya sea destruyéndolas o dándolas como ofrenda.
Josh.22.34	Josh.22.34-fn1	fallback	verse_end	no_high_confidence_immediate_alignment	Literalmente llamó al altar, porque
Josh.24.2	Josh.24.2-fn1	fallback	verse_end	no_high_confidence_immediate_alignment	Hebreo el Río; también en los versículos 3, 14 y 15
Josh.24.30	Josh.24.30-fn1	fallback	verse_end	no_high_confidence_immediate_alignment	Timnat-sera también se conoce como Timnat-heres; véase Jueces 2:9.
Josh.24.32	Josh.24.32-fn1	fallback	verse_end	no_high_confidence_immediate_alignment	Hebreo cien kesitahs; el valor o peso de la kesitah ya no se conoce.
Judg.1.14	Judg.1.14-fn1	fallback	verse_end	no_high_confidence_immediate_alignment	Hebreo; LXX y Vulgata y él la instó; véase Josué 15:18.
Judg.1.16	Judg.1.16-fn1	fallback	verse_end	no_high_confidence_immediate_alignment	Es decir, Jericó
Judg.1.17	Judg.1.17-fn1	fallback	verse_end	no_high_confidence_immediate_alignment	Las formas del hebreo cherem se refieren a la entrega de cosas o personas al SEÑOR, ya sea destruyéndolas o dándolas como ofrenda.
Judg.1.18	Judg.1.18-fn1	fallback	verse_end	no_high_confidence_immediate_alignment	Hebreo; LXX Pero Judá no capturó
Judg.1.36	Judg.1.36-fn1	fallback	verse_end	no_high_confidence_immediate_alignment	O la Cuesta de los Escorpiones o el Paso de los Escorpiones
Judg.2.5	Judg.2.5-fn1	fallback	verse_end	no_high_confidence_immediate_alignment	Boquim significa llorones.
Judg.2.9	Judg.2.9-fn1	fallback	verse_end	no_high_confidence_immediate_alignment	Timnat-heres también se conoce como Timnat-sera; véase Josué 19:50 y Josué 24:30.
Judg.2.14	Judg.2.14-fn1	fallback	verse_end	source_anchor_word_not_semantically_specific	Literalmente de saqueadores que los saquearon
Judg.3.8	Judg.3.8-fn1	fallback	verse_end	no_high_confidence_immediate_alignment	Es decir, Mesopotamia; Aram-naharaim significa Aram de los dos ríos, probablemente la región entre el Éufrates y el Balih en el noroeste de Mesopotamia.
Judg.3.16	Judg.3.16-fn1	fallback	verse_end	no_high_confidence_immediate_alignment	Un codo equivale aproximadamente a 45.7 centímetros.
Judg.4.11	Judg.4.11-fn1	fallback	verse_end	no_high_confidence_immediate_alignment	O cuñado
Judg.5.11	Judg.5.11-fn1	fallback	verse_end	no_high_confidence_immediate_alignment	O arqueros o los que dividen las ovejas
Judg.5.11	Judg.5.11-fn2	fallback	verse_end	no_high_confidence_immediate_alignment	O guerreros
Judg.6.10	Judg.6.10-fn1	fallback	verse_end	no_high_confidence_immediate_alignment	O adorar
Judg.6.24	Judg.6.24-fn1	fallback	verse_end	no_high_confidence_immediate_alignment	Hebreo YHWH Shalom
Judg.7.22	Judg.7.22-fn1	fallback	verse_end	no_high_confidence_immediate_alignment	Algunos manuscritos hebreos Zereda
Judg.8.3	Judg.8.3-fn1	fallback	verse_end	no_high_confidence_immediate_alignment	O su espíritu
Judg.8.8	Judg.8.8-fn1	fallback	verse_end	no_high_confidence_immediate_alignment	Penuel es una variante de Peniel; también en los versículos 9 y 17; véase Génesis 32:30.
Judg.8.30	Judg.8.30-fn1	fallback	verse_end	no_high_confidence_immediate_alignment	Hebreo que salieron de sus propios lomos
Judg.9.6	Judg.9.6-fn1	fallback	verse_end	no_high_confidence_immediate_alignment	O terebinto o gran árbol
Judg.9.23	Judg.9.23-fn1	fallback	verse_end	no_high_confidence_immediate_alignment	O un espíritu maligno
Judg.9.31	Judg.9.31-fn2	fallback	verse_end	source_anchor_word_not_semantically_specific	O sitiando o cerrando
Judg.10.2	Judg.10.2-fn1	fallback	verse_end	no_high_confidence_immediate_alignment	O gobernó o guió; aquí y en todo el libro de Jueces
Judg.10.12	Judg.10.12-fn1	fallback	verse_end	no_high_confidence_immediate_alignment	Hebreo; algunos manuscritos LXX madianitas
Judg.13.5	Judg.13.5-fn1	fallback	verse_end	no_high_confidence_immediate_alignment	O apartado
Judg.13.25	Judg.13.25-fn1	fallback	verse_end	no_high_confidence_immediate_alignment	Mahane-dan significa campamento de Dan.
Judg.14.11	Judg.14.11-fn1	fallback	verse_end	no_high_confidence_immediate_alignment	O cuando los padres de la novia lo vieron; literalmente cuando lo vieron
Judg.14.15	Judg.14.15-fn1	fallback	verse_end	no_high_confidence_immediate_alignment	LXX y Siríaco; hebreo séptimo
Judg.15.8	Judg.15.8-fn1	fallback	verse_end	no_high_confidence_immediate_alignment	Literalmente los golpeó en el muslo y la cadera
Judg.15.16	Judg.15.16-fn1	fallback	verse_end	no_high_confidence_immediate_alignment	O Los he convertido en asnos
Judg.15.19	Judg.15.19-fn1	fallback	verse_end	no_high_confidence_immediate_alignment	En-hacore significa el manantial del que clama.
Judg.16.14	Judg.16.14-fn1	fallback	verse_end	no_high_confidence_immediate_alignment	Véase LXX y Vulgata; hebreo no incluye Mientras él dormía, Dalila tomó las siete trenzas de su cabello y las tejió en el telar.
Judg.16.19	Judg.16.19-fn1	fallback	verse_end	no_high_confidence_immediate_alignment	Hebreo; algunos manuscritos LXX comenzó a debilitarse
Judg.17.5	Judg.17.5-fn1	fallback	verse_end	no_high_confidence_immediate_alignment	Hebreo llenó la mano de; también en el versículo 12
Judg.18.12	Judg.18.12-fn1	fallback	verse_end	no_high_confidence_immediate_alignment	Mahane-dan significa campamento de Dan.
Judg.18.30	Judg.18.30-fn1	fallback	verse_end	no_high_confidence_immediate_alignment	Algunos manuscritos hebreos y LXX y Vulgata; otros manuscritos hebreos y LXX el hijo de Manasés
Judg.19.2	Judg.19.2-fn1	fallback	verse_end	no_high_confidence_immediate_alignment	LXX se enojó con él
Judg.21.11	Judg.21.11-fn1	fallback	verse_end	no_high_confidence_immediate_alignment	Las formas del hebreo cherem se refieren a la entrega de cosas o personas al SEÑOR, ya sea destruyéndolas o dándolas como ofrenda.
Ruth.1.20	Ruth.1.20-fn2	fallback	verse_end	no_high_confidence_immediate_alignment	Mara significa amarga.
Ruth.1.20	Ruth.1.20-fn3	fallback	verse_end	no_high_confidence_immediate_alignment	Hebreo Shaddai; también en el versículo 21
Ruth.3.9	Ruth.3.9-fn1	fallback	verse_end	no_high_confidence_immediate_alignment	O Extiende tu ala; la palabra para ala también puede significar el borde de una prenda; véase Rut 2:12.
Ruth.3.15	Ruth.3.15-fn2	fallback	verse_end	no_high_confidence_immediate_alignment	La mayoría de los manuscritos hebreos; muchos manuscritos hebreos, Vulgata y Siríaco ella se fue
Ruth.4.1	Ruth.4.1-fn1	fallback	verse_end	no_high_confidence_immediate_alignment	La palabra hebrea para pariente-redentor o guardián-redentor es un término legal para el pariente que redime o vindica a un familiar; también en los versículos 3, 6, 8 y 14; véase Levítico 25:25–55.
Ruth.4.4	Ruth.4.4-fn1	fallback	verse_end	source_anchor_word_not_semantically_specific	Muchos manuscritos hebreos, LXX, Vulgata y Siríaco; la mayoría de los manuscritos hebreos él
1Sam.1.1	1Sam.1.1-fn1	fallback	verse_end	no_high_confidence_immediate_alignment	O de Ramataim, un zufita; véase LXX y 1 Crónicas 6:26 y 35.
1Sam.1.1	1Sam.1.1-fn2	fallback	verse_end	no_high_confidence_immediate_alignment	Eliú también es llamado Eliab y Eliel; véase 1 Crónicas 6:27 y 34.
1Sam.1.5	1Sam.1.5-fn1	fallback	verse_end	no_high_confidence_immediate_alignment	O una porción escogida
1Sam.1.24	1Sam.1.24-fn1	fallback	verse_end	no_high_confidence_immediate_alignment	DSS, LXX y Siríaco; TM tres toros
1Sam.1.28	1Sam.1.28-fn1	fallback	verse_end	no_high_confidence_immediate_alignment	Un manuscrito DSS; TM él adoró
1Sam.2.17	1Sam.2.17-fn1	fallback	verse_end	source_anchor_word_not_semantically_specific	DSS y LXX; TM hombres
1Sam.2.25	1Sam.2.25-fn1	fallback	verse_end	no_high_confidence_immediate_alignment	O los jueces
1Sam.2.29	1Sam.2.29-fn1	fallback	verse_end	source_anchor_word_not_semantically_specific	O despreciar
1Sam.2.33	1Sam.2.33-fn1	fallback	verse_end	no_high_confidence_immediate_alignment	Hebreo; LXX sus ojos fallarán y su corazón se afligirá
1Sam.2.33	1Sam.2.33-fn2	fallback	verse_end	no_high_confidence_immediate_alignment	O aumentar
1Sam.3.13	1Sam.3.13-fn1	fallback	verse_end	no_high_confidence_immediate_alignment	LXX; hebreo se hicieron despreciables
1Sam.4.3	1Sam.4.3-fn1	fallback	verse_end	no_high_confidence_immediate_alignment	O Él puede ir
1Sam.4.7	1Sam.4.7-fn1	fallback	verse_end	no_high_confidence_immediate_alignment	O Un dios ha entrado
1Sam.4.18	1Sam.4.18-fn1	fallback	verse_end	no_high_confidence_immediate_alignment	O gobernó o guió
1Sam.4.21	1Sam.4.21-fn1	fallback	verse_end	no_high_confidence_immediate_alignment	Icabod significa no hay gloria.
1Sam.4.21	1Sam.4.21-fn2	fallback	verse_end	no_high_confidence_immediate_alignment	O ido al exilio; también en el versículo 22
1Sam.5.11	1Sam.5.11-fn1	fallback	verse_end	source_anchor_word_not_semantically_specific	O Él no
1Sam.6.6	1Sam.6.6-fn1	fallback	verse_end	no_high_confidence_immediate_alignment	O endurecer; similarmente de nuevo en este versículo
1Sam.6.18	1Sam.6.18-fn1	fallback	verse_end	no_high_confidence_immediate_alignment	O gran prado; hebreo Abel-haggedolah
1Sam.7.6	1Sam.7.6-fn1	fallback	verse_end	no_high_confidence_immediate_alignment	O gobernó o guió; similarmente en los versículos 15, 16 y 17
1Sam.7.12	1Sam.7.12-fn1	fallback	verse_end	no_high_confidence_immediate_alignment	Hebreo; LXX y Siríaco Jesana
1Sam.7.12	1Sam.7.12-fn2	fallback	verse_end	no_high_confidence_immediate_alignment	Eben-ezer significa piedra de ayuda.
1Sam.8.16	1Sam.8.16-fn1	fallback	verse_end	no_high_confidence_immediate_alignment	LXX; hebreo tus mejores jóvenes
1Sam.10.3	1Sam.10.3-fn1	fallback	verse_end	no_high_confidence_immediate_alignment	O Terebinto o Gran Árbol
1Sam.10.10	1Sam.10.10-fn1	fallback	verse_end	no_high_confidence_immediate_alignment	Gabaa significa la colina.
1Sam.10.21	1Sam.10.21-fn1	fallback	verse_end	no_high_confidence_immediate_alignment	LXX incluye Y acercó la familia de los matritas, hombre por hombre.
1Sam.11.1	1Sam.11.1-fn1	fallback	verse_end	no_high_confidence_immediate_alignment	DSS y LXX Alrededor de un mes después Nahas
1Sam.11.8	1Sam.11.8-fn1	fallback	verse_end	source_anchor_word_not_semantically_specific	DSS y LXX 70,000
1Sam.12.3	1Sam.12.3-fn1	fallback	verse_end	source_anchor_word_not_semantically_specific	Hebreo Y lo restauraré; LXX Da testimonio contra mí, y lo restauraré
1Sam.12.6	1Sam.12.6-fn1	fallback	verse_end	source_anchor_word_not_semantically_specific	Hebreo; LXX El SEÑOR es el testigo que
1Sam.12.9	1Sam.12.9-fn1	fallback	verse_end	no_high_confidence_immediate_alignment	LXX el ejército de Jabín rey de Hazor
1Sam.12.11	1Sam.12.11-fn1	fallback	verse_end	no_high_confidence_immediate_alignment	Jerobaal es otro nombre para Gedeón y probablemente significa que Baal contienda; véase Jueces 6:32.
1Sam.12.11	1Sam.12.11-fn2	fallback	verse_end	no_high_confidence_immediate_alignment	LXX y Siríaco; hebreo Bedán
1Sam.13.1	1Sam.13.1-fn1	fallback	verse_end	no_high_confidence_immediate_alignment	Algunos manuscritos LXX tardíos; TM Saúl era hijo de un año
1Sam.13.21	1Sam.13.21-fn1	fallback	verse_end	no_high_confidence_immediate_alignment	Un pim posiblemente se refiere a una piedra pulida que pesa aproximadamente 7 gramos que se encuentra en excavaciones. Esto equivale a unos dos tercios de un siclo y probablemente se refiere al precio cobrado por los filisteos por los servicios enumerados.
1Sam.14.2	1Sam.14.2-fn1	fallback	verse_end	no_high_confidence_immediate_alignment	O alrededor de la peña de Rimón o en la cueva de la granada; véase Jueces 20:45, Jueces 20:47 y Jueces 21:13.
1Sam.14.14	1Sam.14.14-fn1	fallback	verse_end	no_high_confidence_immediate_alignment	Hebreo media yugada. Una yugada era la cantidad de tierra que una pareja de bueyes uncidos podía arar en un día.
1Sam.14.41	1Sam.14.41-fn1	fallback	verse_end	no_high_confidence_immediate_alignment	LXX y Vulgata; TM contiene solo la cita corta, “Da una (suerte) perfecta.”
1Sam.15.3	1Sam.15.3-fn1	fallback	verse_end	no_high_confidence_immediate_alignment	Las formas del hebreo cherem se refieren a la entrega de cosas o personas al SEÑOR, ya sea destruyéndolas o dándolas como ofrenda; también en los versículos 8, 9, 15, 18, 20 y 21.
1Sam.15.9	1Sam.15.9-fn1	fallback	verse_end	no_high_confidence_immediate_alignment	O los toros adultos
1Sam.15.32	1Sam.15.32-fn1	fallback	verse_end	no_high_confidence_immediate_alignment	O cautelosamente o encadenado; véase DSS y LXX.
1Sam.16.9	1Sam.16.9-fn1	fallback	verse_end	no_high_confidence_immediate_alignment	Sama es una variante de Simea, Simea y Simei; véase 2 Samuel 13:3, 1 Crónicas 2:13 y 2 Samuel 21:21.
1Sam.16.14	1Sam.16.14-fn1	fallback	verse_end	no_high_confidence_immediate_alignment	O un espíritu maligno; similarmente en los versículos 15, 16 y 23
1Sam.17.17	1Sam.17.17-fn1	fallback	verse_end	no_high_confidence_immediate_alignment	Un efa equivale aproximadamente a 22 litros de grano tostado.
1Sam.17.52	1Sam.17.52-fn1	fallback	verse_end	no_high_confidence_immediate_alignment	LXX; hebreo de Gai; es decir, del valle
1Sam.18.10	1Sam.18.10-fn1	fallback	verse_end	no_high_confidence_immediate_alignment	O un espíritu maligno
1Sam.19.9	1Sam.19.9-fn1	fallback	verse_end	no_high_confidence_immediate_alignment	O un espíritu maligno
1Sam.19.13	1Sam.19.13-fn1	fallback	verse_end	no_high_confidence_immediate_alignment	O un ídolo doméstico; hebreo terafim; también en el versículo 16
1Sam.20.14	1Sam.20.14-fn1	fallback	verse_end	no_high_confidence_immediate_alignment	Las formas del hebreo chesed se traducen aquí y en la mayoría de los casos en las Escrituras como amor leal; el rango de significado incluye amor, bondad, misericordia y fidelidad, así como lealtad a un pacto.
1Sam.20.41	1Sam.20.41-fn1	fallback	verse_end	no_high_confidence_immediate_alignment	Hebreo desde el lado sur; LXX desde junto a la piedra
1Sam.22.3	1Sam.22.3-fn1	fallback	verse_end	no_high_confidence_immediate_alignment	Siríaco y Vulgata; hebreo salir
1Sam.23.11	1Sam.23.11-fn1	fallback	verse_end	no_high_confidence_immediate_alignment	Algunos manuscritos omiten esta pregunta.
1Sam.24.3	1Sam.24.3-fn1	fallback	verse_end	no_high_confidence_immediate_alignment	Literalmente cubrir sus pies, un eufemismo para aliviarse
1Sam.25.18	1Sam.25.18-fn1	fallback	verse_end	no_high_confidence_immediate_alignment	5 seahs equivalen aproximadamente a 36.5 litros de grano tostado.
1Sam.25.25	1Sam.25.25-fn1	fallback	verse_end	no_high_confidence_immediate_alignment	Nabal significa necio.
1Sam.25.44	1Sam.25.44-fn1	fallback	verse_end	no_high_confidence_immediate_alignment	Palti es una variante de Paltiel; véase 2 Samuel 3:15.
1Sam.27.2	1Sam.27.2-fn1	fallback	verse_end	no_high_confidence_immediate_alignment	Maoc es una variante de Maaca; véase 1 Reyes 2:39.
1Sam.28.13	1Sam.28.13-fn1	fallback	verse_end	no_high_confidence_immediate_alignment	O Veo un espíritu o Veo un ser divino
1Sam.30.2	1Sam.30.2-fn1	fallback	verse_end	no_high_confidence_immediate_alignment	LXX; hebreo no incluye y todos.
2Sam.1.18	2Sam.1.18-fn1	fallback	verse_end	no_high_confidence_immediate_alignment	O ser enseñado en el uso del arco; literalmente ser enseñado el arco
2Sam.1.21	2Sam.1.21-fn1	fallback	verse_end	no_high_confidence_immediate_alignment	O ninguna lluvia cayendo sobre tus terrazas; LXX ningún campo de primicias; hebreo ningún campo de ofrendas
2Sam.2.8	2Sam.2.8-fn1	fallback	verse_end	no_high_confidence_immediate_alignment	Is-boset también es llamado Es-baal; véase 1 Crónicas 8:33.
2Sam.2.29	2Sam.2.29-fn1	fallback	verse_end	no_high_confidence_immediate_alignment	Véase LXX; hebreo marchó por todo Bitrón
2Sam.3.3	2Sam.3.3-fn1	fallback	verse_end	no_high_confidence_immediate_alignment	LXX Daluia; algunos traductores Daniel; véase 1 Crónicas 3:1.
2Sam.3.15	2Sam.3.15-fn1	fallback	verse_end	no_high_confidence_immediate_alignment	Paltiel es una variante de Palti; véase 1 Samuel 25:44.
2Sam.5.14	2Sam.5.14-fn1	fallback	verse_end	no_high_confidence_immediate_alignment	Samúa es una variante de Simea; véase 1 Crónicas 3:5.
2Sam.5.25	2Sam.5.25-fn1	fallback	verse_end	no_high_confidence_immediate_alignment	LXX (véase también 1 Crónicas 14:16); hebreo Geba
2Sam.6.4	2Sam.6.4-fn1	fallback	verse_end	no_high_confidence_immediate_alignment	DSS y algunos manuscritos LXX; TM incluye de la casa de Abinadab, que estaba en la colina.
2Sam.6.5	2Sam.6.5-fn1	fallback	verse_end	no_high_confidence_immediate_alignment	Literalmente delante del SEÑOR con toda madera de ciprés; LXX tocando ante el Señor con instrumentos bien afinados poderosamente, y con canciones; algunos de los instrumentos en este versículo son inciertos; véase 1 Crónicas 13:8.
2Sam.6.6	2Sam.6.6-fn1	fallback	verse_end	no_high_confidence_immediate_alignment	Nacón es una variante de Quidón; véase 1 Crónicas 13:9.
2Sam.6.7	2Sam.6.7-fn1	fallback	verse_end	no_high_confidence_immediate_alignment	TM; DSS por esto
2Sam.6.8	2Sam.6.8-fn1	fallback	verse_end	no_high_confidence_immediate_alignment	Perez-uza significa irrupción contra Uza.
2Sam.6.19	2Sam.6.19-fn1	fallback	verse_end	no_high_confidence_immediate_alignment	O una porción de carne
2Sam.7.7	2Sam.7.7-fn1	fallback	verse_end	no_high_confidence_immediate_alignment	O tribus
2Sam.7.16	2Sam.7.16-fn1	fallback	verse_end	no_high_confidence_immediate_alignment	Algunos manuscritos hebreos y LXX; la mayoría de los manuscritos hebreos tú
2Sam.8.1	2Sam.8.1-fn1	fallback	verse_end	no_high_confidence_immediate_alignment	Meteg-ama significa brida de la ciudad madre.
2Sam.8.4	2Sam.8.4-fn1	fallback	verse_end	no_high_confidence_immediate_alignment	LXX (véase también DSS y 1 Crónicas 18:4); TM capturó de él mil setecientos jinetes
2Sam.8.8	2Sam.8.8-fn1	fallback	verse_end	no_high_confidence_immediate_alignment	Hebreo; algunos manuscritos LXX Tebah; véase 1 Crónicas 18:8.
2Sam.8.9	2Sam.8.9-fn1	fallback	verse_end	no_high_confidence_immediate_alignment	Toi es una variante de Tou; también en el versículo 10; véase 1 Crónicas 18:9.
2Sam.8.12	2Sam.8.12-fn1	fallback	verse_end	no_high_confidence_immediate_alignment	Algunos manuscritos hebreos, LXX y Siríaco (véase también el versículo 14 y 1 Crónicas 18:11); la mayoría de los manuscritos hebreos Aram
2Sam.8.13	2Sam.8.13-fn1	fallback	verse_end	no_high_confidence_immediate_alignment	Algunos manuscritos hebreos, LXX y Siríaco (véase también el versículo 14 y 1 Crónicas 18:12); la mayoría de los manuscritos hebreos arameos
2Sam.8.17	2Sam.8.17-fn1	fallback	verse_end	no_high_confidence_immediate_alignment	Seraías también es llamado Seva, Sisa y Savsa; véase 2 Samuel 20:25, 1 Reyes 4:3 y 1 Crónicas 18:16.
2Sam.9.12	2Sam.9.12-fn1	fallback	verse_end	no_high_confidence_immediate_alignment	Mica es una variante de Micaías; véase 1 Crónicas 8:34.
2Sam.10.16	2Sam.10.16-fn2	fallback	verse_end	no_high_confidence_immediate_alignment	Sobac es una variante de Sofac; véase 1 Crónicas 19:16.
2Sam.10.18	2Sam.10.18-fn1	fallback	verse_end	no_high_confidence_immediate_alignment	Algunos manuscritos LXX (véase también 1 Crónicas 19:18); hebreo jinetes
2Sam.11.1	2Sam.11.1-fn1	fallback	verse_end	no_high_confidence_immediate_alignment	Literalmente Al volver del año
2Sam.11.3	2Sam.11.3-fn1	fallback	verse_end	no_high_confidence_immediate_alignment	Eliam es una variante de Amiel; véase 1 Crónicas 3:5.
2Sam.11.21	2Sam.11.21-fn1	fallback	verse_end	no_high_confidence_immediate_alignment	Jerubeset también es conocido como Jerobaal, es decir, Gedeón.
2Sam.12.3	2Sam.12.3-fn1	fallback	verse_end	no_high_confidence_immediate_alignment	Hebreo en su seno; también en el versículo 8
2Sam.12.16	2Sam.12.16-fn1	fallback	verse_end	no_high_confidence_immediate_alignment	DSS y LXX; TM no incluye en cilicio.
2Sam.12.24	2Sam.12.24-fn1	fallback	verse_end	source_anchor_word_not_semantically_specific	O ella o él
2Sam.12.31	2Sam.12.31-fn1	fallback	verse_end	no_high_confidence_immediate_alignment	Literalmente los puso bajo sierras
2Sam.12.31	2Sam.12.31-fn2	fallback	verse_end	no_high_confidence_immediate_alignment	Literalmente y los hizo pasar por los hornos de ladrillos.
2Sam.13.3	2Sam.13.3-fn1	fallback	verse_end	no_high_confidence_immediate_alignment	Simea es una variante de Sama, Simea y Simei; véase 1 Samuel 16:9, 1 Crónicas 2:13 y 2 Samuel 21:21.
2Sam.13.18	2Sam.13.18-fn1	fallback	verse_end	no_high_confidence_immediate_alignment	O una túnica de manga larga; véase también Génesis 37:3.
2Sam.13.34	2Sam.13.34-fn1	fallback	verse_end	no_high_confidence_immediate_alignment	O detrás de él
2Sam.15.7	2Sam.15.7-fn1	fallback	verse_end	no_high_confidence_immediate_alignment	Siríaco y algunos manuscritos LXX; hebreo cuarenta
2Sam.15.24	2Sam.15.24-fn1	fallback	verse_end	no_high_confidence_immediate_alignment	O Abiatar subió
2Sam.15.27	2Sam.15.27-fn1	fallback	verse_end	no_high_confidence_immediate_alignment	Hebreo; LXX He aquí,
2Sam.16.14	2Sam.16.14-fn1	fallback	verse_end	no_high_confidence_immediate_alignment	Algunos manuscritos LXX llegaron al Jordán
2Sam.17.9	2Sam.17.9-fn1	fallback	verse_end	no_high_confidence_immediate_alignment	O Si ataca primero a tus tropas
2Sam.17.25	2Sam.17.25-fn1	fallback	verse_end	no_high_confidence_immediate_alignment	Itra es una variante de Jeter; véase 1 Reyes 2:5.
2Sam.17.25	2Sam.17.25-fn2	fallback	verse_end	no_high_confidence_immediate_alignment	Algunos manuscritos LXX (véase también 1 Crónicas 2:17); TM y otros manuscritos LXX israelita
2Sam.17.25	2Sam.17.25-fn4	fallback	verse_end	no_high_confidence_immediate_alignment	O de Isaí; véase DSS y 1 Crónicas 2:13–16
2Sam.18.3	2Sam.18.3-fn1	fallback	verse_end	no_high_confidence_immediate_alignment	Dos manuscritos hebreos, algunos manuscritos LXX y Vulgata; la mayoría de los manuscritos hebreos cuidado; porque ahora hay diez mil como nosotros
2Sam.18.9	2Sam.18.9-fn1	fallback	verse_end	no_high_confidence_immediate_alignment	O gran terebinto o árbol muy grande; similarmente en los versículos 10 y 14
2Sam.18.23	2Sam.18.23-fn1	fallback	verse_end	no_high_confidence_immediate_alignment	Es decir, la llanura del Jordán
2Sam.19.26	2Sam.19.26-fn1	fallback	verse_end	no_high_confidence_immediate_alignment	LXX, Siríaco y Vulgata Ensilla un asno para mí; hebreo Ensillaré un asno para mí
2Sam.20.14	2Sam.20.14-fn1	fallback	verse_end	no_high_confidence_immediate_alignment	Hebreo a Abel y Bet-maaca; véase el versículo 15.
2Sam.20.14	2Sam.20.14-fn2	fallback	verse_end	no_high_confidence_immediate_alignment	Hebreo; LXX y Vulgata bicritas
2Sam.20.24	2Sam.20.24-fn1	fallback	verse_end	no_high_confidence_immediate_alignment	Adoram es una variante de Adoniram y Hadoram; véase 1 Reyes 4:6 y 2 Crónicas 10:18.
2Sam.20.25	2Sam.20.25-fn1	fallback	verse_end	no_high_confidence_immediate_alignment	Seva también es llamado Seraías, Sisa y Savsa; véase 2 Samuel 8:17, 1 Reyes 4:3 y 1 Crónicas 18:16.
2Sam.20.26	2Sam.20.26-fn1	fallback	verse_end	no_high_confidence_immediate_alignment	Hebreo; algunos manuscritos LXX y Siríaco itrita; véase 2 Samuel 23:38.
2Sam.21.6	2Sam.21.6-fn1	fallback	verse_end	source_anchor_word_not_semantically_specific	O exponerlos o ejecutarlos; similarmente en el versículo 9
2Sam.21.8	2Sam.21.8-fn1	fallback	verse_end	no_high_confidence_immediate_alignment	Dos manuscritos hebreos, algunos manuscritos LXX y Siríaco (véase también 1 Samuel 18:19); la mayoría de los manuscritos hebreos y LXX Mical
2Sam.21.16	2Sam.21.16-fn1	fallback	verse_end	no_high_confidence_immediate_alignment	O el gigante; también en los versículos 18, 20 y 22
2Sam.21.18	2Sam.21.18-fn1	fallback	verse_end	no_high_confidence_immediate_alignment	Saf es una variante de Sipai; véase 1 Crónicas 20:4.
2Sam.21.19	2Sam.21.19-fn1	fallback	verse_end	no_high_confidence_immediate_alignment	Véase 1 Crónicas 20:5; hebreo Jaare-oreguim
2Sam.21.21	2Sam.21.21-fn1	fallback	verse_end	no_high_confidence_immediate_alignment	Simei es una variante de Sama, Simea y Simea; véase 1 Samuel 16:9, 2 Samuel 13:3 y 1 Crónicas 2:13.
2Sam.22.11	2Sam.22.11-fn1	fallback	verse_end	no_high_confidence_immediate_alignment	Muchos manuscritos hebreos (véase también Salmos 18:10); la mayoría de los manuscritos hebreos Fue visto
2Sam.22.13	2Sam.22.13-fn1	fallback	verse_end	no_high_confidence_immediate_alignment	O rayos de relámpago
2Sam.22.46	2Sam.22.46-fn1	fallback	verse_end	no_high_confidence_immediate_alignment	Algunos manuscritos LXX y Vulgata (véase también Salmos 18:45); TM y se arman
2Sam.23.8	2Sam.23.8-fn1	fallback	verse_end	no_high_confidence_immediate_alignment	Tahquemonita es probablemente una variante de Hacmonita; véase 1 Crónicas 11:11.
2Sam.23.8	2Sam.23.8-fn2	fallback	verse_end	no_high_confidence_immediate_alignment	O jefe entre los capitanes
2Sam.23.8	2Sam.23.8-fn3	fallback	verse_end	no_high_confidence_immediate_alignment	Algunos manuscritos LXX (véase también 1 Crónicas 11:11); hebreo Era llamado Adino el Eznita a causa de
2Sam.23.20	2Sam.23.20-fn1	fallback	verse_end	no_high_confidence_immediate_alignment	O Benaía hijo de Joiada era hijo de Ishhai
2Sam.23.20	2Sam.23.20-fn2	fallback	verse_end	no_high_confidence_immediate_alignment	O dos hijos de Ariel
2Sam.23.27	2Sam.23.27-fn1	fallback	verse_end	no_high_confidence_immediate_alignment	Hebreo; algunos manuscritos LXX Sibecai; véase 2 Samuel 21:18 y 1 Crónicas 11:29.
2Sam.23.29	2Sam.23.29-fn1	fallback	verse_end	no_high_confidence_immediate_alignment	Algunos manuscritos hebreos y Vulgata (véase también 1 Crónicas 11:30); la mayoría de los manuscritos TM Heleb
2Sam.23.29	2Sam.23.29-fn2	fallback	verse_end	no_high_confidence_immediate_alignment	Itai es una variante de Itai; véase 1 Crónicas 11:31.
2Sam.23.30	2Sam.23.30-fn1	fallback	verse_end	no_high_confidence_immediate_alignment	Hidai es una variante de Hurai; véase 1 Crónicas 11:32.
2Sam.23.30	2Sam.23.30-fn2	fallback	verse_end	no_high_confidence_immediate_alignment	O de los barrancos
2Sam.23.32	2Sam.23.32-fn1	fallback	verse_end	no_high_confidence_immediate_alignment	Jasén es una variante de Hasem; véase 1 Crónicas 11:34.
2Sam.23.33	2Sam.23.33-fn1	fallback	verse_end	no_high_confidence_immediate_alignment	Algunos manuscritos LXX (véase también 1 Crónicas 11:34); hebreo Jonatán, 33 Sama
2Sam.23.33	2Sam.23.33-fn2	fallback	verse_end	no_high_confidence_immediate_alignment	Hebreo; algunos manuscritos LXX Sacar; véase 1 Crónicas 11:35.
2Sam.24.2	2Sam.24.2-fn1	fallback	verse_end	no_high_confidence_immediate_alignment	LXX a Joab y a los comandantes del ejército con él
2Sam.24.6	2Sam.24.6-fn1	fallback	verse_end	no_high_confidence_immediate_alignment	Hebreo; algunos manuscritos LXX a Galaad y a la tierra de los hititas
2Sam.24.13	2Sam.24.13-fn1	fallback	verse_end	no_high_confidence_immediate_alignment	LXX (véase también 1 Crónicas 21:12); hebreo siete
2Sam.24.16	2Sam.24.16-fn1	fallback	verse_end	no_high_confidence_immediate_alignment	Arauna es una variante de Ornán; véase 1 Crónicas 21:15 y 2 Crónicas 3:1.
2Sam.24.17	2Sam.24.17-fn1	fallback	verse_end	no_high_confidence_immediate_alignment	DSS y LXX; TM no incluye el pastor.
1Kgs.1.9	1Kgs.1.9-fn1	fallback	verse_end	no_high_confidence_immediate_alignment	O la Piedra de la Serpiente
1Kgs.1.25	1Kgs.1.25-fn1	fallback	verse_end	no_high_confidence_immediate_alignment	Hebreo; LXX Joab el comandante
1Kgs.1.48	1Kgs.1.48-fn1	fallback	verse_end	no_high_confidence_immediate_alignment	LXX uno de mis descendientes
1Kgs.2.5	1Kgs.2.5-fn1	fallback	verse_end	no_high_confidence_immediate_alignment	Jeter es una variante de Itra; también en el versículo 32; véase 2 Samuel 17:25.
1Kgs.2.7	1Kgs.2.7-fn1	fallback	verse_end	no_high_confidence_immediate_alignment	Las formas del hebreo chesed se traducen aquí y en la mayoría de los casos en las Escrituras como amor leal; el rango de significado incluye amor, bondad, misericordia y fidelidad, así como lealtad a un pacto.
1Kgs.3.10	1Kgs.3.10-fn1	fallback	verse_end	no_high_confidence_immediate_alignment	Hebreo Adonai; también en el versículo 15
1Kgs.4.3	1Kgs.4.3-fn1	fallback	verse_end	no_high_confidence_immediate_alignment	Sisa también es llamado Seraías, Seva y Savsa; véase 2 Samuel 8:17, 2 Samuel 20:25 y 1 Crónicas 18:16.
1Kgs.4.6	1Kgs.4.6-fn1	fallback	verse_end	no_high_confidence_immediate_alignment	Adoniram es una variante de Adoram y Hadoram; véase 2 Samuel 20:24 y 2 Crónicas 10:18.
1Kgs.4.11	1Kgs.4.11-fn1	fallback	verse_end	no_high_confidence_immediate_alignment	O en todas las alturas de Dor; Náfat-dor es una variante de Naftot-dor; véase Josué 11:2.
1Kgs.4.26	1Kgs.4.26-fn1	fallback	verse_end	source_anchor_word_not_semantically_specific	Algunos manuscritos LXX (véase también 2 Crónicas 9:25); hebreo 40,000
1Kgs.5.8	1Kgs.5.8-fn1	fallback	verse_end	no_high_confidence_immediate_alignment	O pino o enebro o abeto; también en el versículo 10
1Kgs.5.16	1Kgs.5.16-fn1	fallback	verse_end	source_anchor_word_not_semantically_specific	Hebreo; algunos manuscritos LXX 3,600; véase 2 Crónicas 2:18.
1Kgs.6.1	1Kgs.6.1-fn1	fallback	verse_end	no_high_confidence_immediate_alignment	Hebreo; LXX cuatrocientos cuadragésimo
1Kgs.6.1	1Kgs.6.1-fn2	fallback	verse_end	no_high_confidence_immediate_alignment	Ziv era el segundo mes del antiguo calendario lunar hebreo, que generalmente ocurría dentro de los meses de abril y mayo; también en el versículo 37.
1Kgs.6.8	1Kgs.6.8-fn1	fallback	verse_end	no_high_confidence_immediate_alignment	LXX y Targum; hebreo medio
1Kgs.6.21	1Kgs.6.21-fn1	fallback	verse_end	no_high_confidence_immediate_alignment	O hizo cadenas de oro para correr (las cortinas)
1Kgs.6.38	1Kgs.6.38-fn1	fallback	verse_end	no_high_confidence_immediate_alignment	Bul era el octavo mes del antiguo calendario lunar hebreo, que generalmente ocurría dentro de los meses de octubre y noviembre.
1Kgs.7.5	1Kgs.7.5-fn1	fallback	verse_end	no_high_confidence_immediate_alignment	Literalmente puertas y postes de puertas
1Kgs.7.13	1Kgs.7.13-fn1	fallback	verse_end	no_high_confidence_immediate_alignment	Hebreo Hiram, una variante de Huram; también en los versículos 40 y 45; véase 2 Crónicas 4:11. Tenga en cuenta que este no es Hiram, rey de Tiro, mencionado en 1 Reyes 5:1.
1Kgs.7.26	1Kgs.7.26-fn1	fallback	verse_end	no_high_confidence_immediate_alignment	Un palmo equivale aproximadamente a 7.4 centímetros.
1Kgs.7.31	1Kgs.7.31-fn1	fallback	verse_end	no_high_confidence_immediate_alignment	Un codo equivale aproximadamente a 45.7 centímetros.
1Kgs.7.40	1Kgs.7.40-fn1	fallback	verse_end	no_high_confidence_immediate_alignment	Muchos manuscritos hebreos, LXX, Siríaco y Vulgata (véase también el versículo 45 y 2 Crónicas 4:11); muchos otros manuscritos hebreos vasijas
1Kgs.8.8	1Kgs.8.8-fn1	fallback	verse_end	no_high_confidence_immediate_alignment	Literalmente no desde fuera
1Kgs.9.8	1Kgs.9.8-fn1	fallback	verse_end	no_high_confidence_immediate_alignment	Algunos manuscritos LXX, Siríaco y Árabe; hebreo Y aunque este templo ahora está exaltado; véase también 2 Crónicas 7:21.
1Kgs.9.11	1Kgs.9.11-fn1	fallback	verse_end	no_high_confidence_immediate_alignment	O pino o enebro o abeto
1Kgs.9.13	1Kgs.9.13-fn1	fallback	verse_end	no_high_confidence_immediate_alignment	Cabul suena como el hebreo para inútil.
1Kgs.9.18	1Kgs.9.18-fn1	fallback	verse_end	no_high_confidence_immediate_alignment	Lectura alternativa del TM; la otra lectura alternativa dice Tadmor
1Kgs.9.19	1Kgs.9.19-fn1	fallback	verse_end	no_high_confidence_immediate_alignment	O jinetes o aurigas
1Kgs.9.21	1Kgs.9.21-fn1	fallback	verse_end	no_high_confidence_immediate_alignment	Las formas del hebreo cherem se refieren a la entrega de cosas o personas al SEÑOR, ya sea destruyéndolas o dándolas como ofrenda.
1Kgs.9.26	1Kgs.9.26-fn1	fallback	verse_end	no_high_confidence_immediate_alignment	Elot es una variante de Elat; véase LXX, 2 Reyes 14:22 y 2 Reyes 16:6.
1Kgs.10.8	1Kgs.10.8-fn1	fallback	verse_end	no_high_confidence_immediate_alignment	LXX, Siríaco y Vulgata tus esposas
1Kgs.10.11	1Kgs.10.11-fn1	fallback	verse_end	no_high_confidence_immediate_alignment	Almug es probablemente una variante de algum; también en el versículo 12; véase 2 Crónicas 2:8.
1Kgs.10.26	1Kgs.10.26-fn1	fallback	verse_end	no_high_confidence_immediate_alignment	Literalmente Salomón acumuló carros y caballos; tenía
1Kgs.10.26	1Kgs.10.26-fn2	fallback	verse_end	no_high_confidence_immediate_alignment	O jinetes o aurigas
1Kgs.10.28	1Kgs.10.28-fn1	fallback	verse_end	no_high_confidence_immediate_alignment	Probablemente un área en Cilicia, una provincia en el sureste de Asia Menor
1Kgs.11.5	1Kgs.11.5-fn1	fallback	verse_end	no_high_confidence_immediate_alignment	Milcom es una variante de Moloc; también en el versículo 33; véase el versículo 7 y Levítico 18:21.
1Kgs.11.33	1Kgs.11.33-fn1	fallback	verse_end	source_anchor_word_not_semantically_specific	Hebreo; LXX, Siríaco y Vulgata él; dos veces en este versículo
1Kgs.12.2	1Kgs.12.2-fn1	fallback	verse_end	no_high_confidence_immediate_alignment	O permaneció
1Kgs.12.18	1Kgs.12.18-fn1	fallback	verse_end	no_high_confidence_immediate_alignment	Hebreo; algunos manuscritos LXX y Siríaco Adoniram; véase 1 Reyes 4:6 y 1 Reyes 5:14.
1Kgs.13.11	1Kgs.13.11-fn1	fallback	verse_end	no_high_confidence_immediate_alignment	LXX, Siríaco y Vulgata; hebreo hijo
1Kgs.13.12	1Kgs.13.12-fn1	fallback	verse_end	no_high_confidence_immediate_alignment	LXX; hebreo había visto
1Kgs.13.14	1Kgs.13.14-fn1	fallback	verse_end	no_high_confidence_immediate_alignment	O un terebinto o un gran árbol
1Kgs.14.10	1Kgs.14.10-fn1	fallback	verse_end	no_high_confidence_immediate_alignment	Literalmente (todos) los que mean contra la pared
1Kgs.14.13	1Kgs.14.13-fn1	fallback	verse_end	no_high_confidence_immediate_alignment	Literalmente que irá a la tumba
1Kgs.14.31	1Kgs.14.31-fn1	fallback	verse_end	no_high_confidence_immediate_alignment	Abiam es una variante de Abías; algunos manuscritos hebreos y LXX Abías; véase 2 Crónicas 12:16.
1Kgs.15.1	1Kgs.15.1-fn1	fallback	verse_end	no_high_confidence_immediate_alignment	Abiam es una variante de Abías; algunos manuscritos hebreos y LXX Abías; también en los versículos 3, 6, 7 y 8; véase 2 Crónicas 12:16.
1Kgs.15.10	1Kgs.15.10-fn1	fallback	verse_end	no_high_confidence_immediate_alignment	O La reina madre; hebreo Su madre; véase los versículos 2 y 13.
1Kgs.18.1	1Kgs.18.1-fn1	fallback	verse_end	no_high_confidence_immediate_alignment	Literalmente Y los días fueron muchos, y en el tercer año,
1Kgs.18.34	1Kgs.18.34-fn1	fallback	verse_end	no_high_confidence_immediate_alignment	Algunos textos dividen el versículo 33 y comienzan el versículo 34 en este punto.
1Kgs.18.46	1Kgs.18.46-fn1	fallback	verse_end	no_high_confidence_immediate_alignment	Hebreo él ciñó sus lomos
1Kgs.20.3	1Kgs.20.3-fn1	fallback	verse_end	no_high_confidence_immediate_alignment	Algunos textos dividen el versículo 2 y comienzan el versículo 3 en este punto.
1Kgs.20.22	1Kgs.20.22-fn1	fallback	verse_end	no_high_confidence_immediate_alignment	Literalmente al volver del año; similarmente en el versículo 26
1Kgs.20.42	1Kgs.20.42-fn1	fallback	verse_end	no_high_confidence_immediate_alignment	Las formas del hebreo cherem se refieren a la entrega de cosas o personas al SEÑOR, ya sea destruyéndolas o dándolas como ofrenda.
1Kgs.21.21	1Kgs.21.21-fn1	fallback	verse_end	no_high_confidence_immediate_alignment	Véase LXX; la fuente de la cita se aclara en los versículos 17 y 23; hebreo He aquí.
1Kgs.22.21	1Kgs.22.21-fn1	fallback	verse_end	no_high_confidence_immediate_alignment	Algunos textos dividen el versículo 21 y comienzan el versículo 22 en este punto.
1Kgs.22.34	1Kgs.22.34-fn1	fallback	verse_end	no_high_confidence_immediate_alignment	Literalmente Gira tu mano
1Kgs.22.38	1Kgs.22.38-fn1	fallback	verse_end	no_high_confidence_immediate_alignment	O el estanque de Samaria, donde limpiaron las armas
2Kgs.1.8	2Kgs.1.8-fn1	fallback	verse_end	no_high_confidence_immediate_alignment	O Llevaba una prenda de pelo
2Kgs.1.17	2Kgs.1.17-fn1	fallback	verse_end	no_high_confidence_immediate_alignment	Jehoram es una variante ortográfica de Joram.
2Kgs.2.21	2Kgs.2.21-fn1	fallback	verse_end	no_high_confidence_immediate_alignment	O esterilidad
2Kgs.2.23	2Kgs.2.23-fn1	fallback	verse_end	no_high_confidence_immediate_alignment	O algunos muchachos o algunos jóvenes insignificantes; similarmente en el versículo 24
2Kgs.3.1	2Kgs.3.1-fn1	fallback	verse_end	no_high_confidence_immediate_alignment	Jehoram es una variante ortográfica de Joram; también en el versículo 6.
2Kgs.3.4	2Kgs.3.4-fn1	fallback	verse_end	no_high_confidence_immediate_alignment	O pastor de ovejas
2Kgs.3.15	2Kgs.3.15-fn1	fallback	verse_end	no_high_confidence_immediate_alignment	O un músico; dos veces en este versículo
2Kgs.4.29	2Kgs.4.29-fn1	fallback	verse_end	no_high_confidence_immediate_alignment	Literalmente Ciñe tus lomos
2Kgs.6.10	2Kgs.6.10-fn1	fallback	verse_end	source_anchor_word_not_semantically_specific	Literalmente Ni una vez ni dos
2Kgs.7.3	2Kgs.7.3-fn1	fallback	verse_end	no_high_confidence_immediate_alignment	La lepra era un término usado para diversas enfermedades de la piel; aquí y en el versículo 8; véase Levítico 13.
2Kgs.8.20	2Kgs.8.20-fn1	fallback	verse_end	no_high_confidence_immediate_alignment	Literalmente En sus días
2Kgs.8.29	2Kgs.8.29-fn1	fallback	verse_end	no_high_confidence_immediate_alignment	Rama es una variante de Ramot; véase el versículo 28.
2Kgs.9.1	2Kgs.9.1-fn1	fallback	verse_end	no_high_confidence_immediate_alignment	Literalmente Ciñe tus lomos
2Kgs.9.8	2Kgs.9.8-fn1	fallback	verse_end	no_high_confidence_immediate_alignment	Literalmente (todos) los que mean contra la pared
2Kgs.9.20	2Kgs.9.20-fn1	fallback	verse_end	no_high_confidence_immediate_alignment	O nieto de Nimsi; véase el versículo 14.
2Kgs.9.22	2Kgs.9.22-fn1	fallback	verse_end	no_high_confidence_immediate_alignment	Hebreo adulterio o prostitución, aquí una metáfora de la idolatría
2Kgs.9.23	2Kgs.9.23-fn1	fallback	verse_end	no_high_confidence_immediate_alignment	Literalmente volvió sus manos
2Kgs.9.27	2Kgs.9.27-fn1	fallback	verse_end	no_high_confidence_immediate_alignment	Véase Siríaco, Vulgata y LXX; hebreo “¡Dispárenle también a él en su carro!” (Hicieron esto) en la Cuesta de Gur,
2Kgs.10.1	2Kgs.10.1-fn2	fallback	verse_end	no_high_confidence_immediate_alignment	Hebreo no incluye de los hijos.
2Kgs.10.16	2Kgs.10.16-fn1	fallback	verse_end	no_high_confidence_immediate_alignment	LXX, Siríaco y Targum Yonatón; hebreo ellos lo hicieron montar
2Kgs.10.24	2Kgs.10.24-fn1	fallback	verse_end	source_anchor_word_not_semantically_specific	LXX él entró; véase también el versículo 25.
2Kgs.11.2	2Kgs.11.2-fn1	fallback	verse_end	no_high_confidence_immediate_alignment	Josaba es una variante de Josabate; véase 2 Crónicas 22:11.
2Kgs.11.4	2Kgs.11.4-fn1	fallback	verse_end	no_high_confidence_immediate_alignment	O los mercenarios o los verdugos; también en el versículo 19
2Kgs.11.15	2Kgs.11.15-fn1	fallback	verse_end	no_high_confidence_immediate_alignment	O fuera de los recintos
2Kgs.12.21	2Kgs.12.21-fn1	fallback	verse_end	no_high_confidence_immediate_alignment	Hebreo; LXX y Siríaco Jozacar
2Kgs.12.21	2Kgs.12.21-fn2	fallback	verse_end	no_high_confidence_immediate_alignment	Somer es una variante de Simrit; véase 2 Crónicas 24:26.
2Kgs.13.6	2Kgs.13.6-fn1	fallback	verse_end	source_anchor_word_not_semantically_specific	LXX, Siríaco, Targum Yonatón y Vulgata; hebreo continuó andando en ellas
2Kgs.14.22	2Kgs.14.22-fn1	fallback	verse_end	no_high_confidence_immediate_alignment	Elat es una variante de Elot; véase 1 Reyes 9:26.
2Kgs.14.25	2Kgs.14.25-fn1	fallback	verse_end	no_high_confidence_immediate_alignment	Es decir, el Mar Muerto
2Kgs.15.5	2Kgs.15.5-fn1	fallback	verse_end	no_high_confidence_immediate_alignment	La lepra era un término usado para diversas enfermedades de la piel; véase Levítico 13.
2Kgs.15.7	2Kgs.15.7-fn1	fallback	verse_end	source_anchor_word_not_semantically_specific	Literalmente con sus padres; véase 2 Crónicas 26:23.
2Kgs.15.13	2Kgs.15.13-fn1	fallback	verse_end	no_high_confidence_immediate_alignment	Uzías también es llamado Azarías; también en los versículos 32 y 34; véase el versículo 1.
2Kgs.15.19	2Kgs.15.19-fn1	fallback	verse_end	no_high_confidence_immediate_alignment	Pul es otro nombre para Tiglat-pileser; véase el versículo 29.
2Kgs.15.33	2Kgs.15.33-fn1	fallback	verse_end	no_high_confidence_immediate_alignment	Jerusa es una variante de Jerusa; véase 2 Crónicas 27:1.
2Kgs.16.6	2Kgs.16.6-fn1	fallback	verse_end	no_high_confidence_immediate_alignment	Elat es una variante de Elot; véase 1 Reyes 9:26.
2Kgs.16.18	2Kgs.16.18-fn1	fallback	verse_end	no_high_confidence_immediate_alignment	O la base de su trono; véase también LXX.
2Kgs.17.4	2Kgs.17.4-fn1	fallback	verse_end	source_anchor_word_not_semantically_specific	Así es probablemente una abreviatura de Osorcón.
2Kgs.18.2	2Kgs.18.2-fn1	fallback	verse_end	no_high_confidence_immediate_alignment	Abi es una variante de Abías; véase 2 Crónicas 29:1.
2Kgs.18.4	2Kgs.18.4-fn1	fallback	verse_end	no_high_confidence_immediate_alignment	Neustán suena como el hebreo para bronce y también para serpiente.
2Kgs.18.17	2Kgs.18.17-fn1	fallback	verse_end	no_high_confidence_immediate_alignment	Hebreo Tartán es el título de un mariscal de campo, general o comandante en el ejército asirio.
2Kgs.18.26	2Kgs.18.26-fn1	fallback	verse_end	no_high_confidence_immediate_alignment	O en el dialecto de Judá; también en el versículo 28
2Kgs.18.31	2Kgs.18.31-fn1	fallback	verse_end	no_high_confidence_immediate_alignment	O Haz una bendición conmigo
2Kgs.19.9	2Kgs.19.9-fn1	fallback	verse_end	no_high_confidence_immediate_alignment	Es decir, la región del Alto Nilo
2Kgs.19.11	2Kgs.19.11-fn1	fallback	verse_end	no_high_confidence_immediate_alignment	Las formas del hebreo cherem se refieren a la entrega de cosas o personas al SEÑOR, ya sea destruyéndolas o dándolas como ofrenda.
2Kgs.19.23	2Kgs.19.23-fn1	fallback	verse_end	no_high_confidence_immediate_alignment	O pinos o enebros o abetos
2Kgs.19.37	2Kgs.19.37-fn1	fallback	verse_end	no_high_confidence_immediate_alignment	LXX y una lectura alternativa del TM (véase también Isaías 37:38); TM omite sus hijos.
2Kgs.20.4	2Kgs.20.4-fn1	fallback	verse_end	no_high_confidence_immediate_alignment	LXX y una lectura alternativa del TM; la otra lectura alternativa dice el medio de la ciudad
2Kgs.20.12	2Kgs.20.12-fn1	fallback	verse_end	no_high_confidence_immediate_alignment	Algunos manuscritos hebreos, LXX y Siríaco (véase también Isaías 39:1); TM Berodac-baladán
2Kgs.20.20	2Kgs.20.20-fn1	fallback	verse_end	no_high_confidence_immediate_alignment	O canal de agua o conducto
2Kgs.22.12	2Kgs.22.12-fn2	fallback	verse_end	no_high_confidence_immediate_alignment	Micaías es una variante de Mica; véase 2 Crónicas 34:20.
2Kgs.22.14	2Kgs.22.14-fn1	fallback	verse_end	no_high_confidence_immediate_alignment	Ticva es una variante de Tócat; véase 2 Crónicas 34:22.
2Kgs.22.14	2Kgs.22.14-fn2	fallback	verse_end	no_high_confidence_immediate_alignment	Harhas es una variante de Hasra; véase 2 Crónicas 34:22.
2Kgs.23.10	2Kgs.23.10-fn1	fallback	verse_end	no_high_confidence_immediate_alignment	O el Valle del Hijo de Hinom
2Kgs.23.11	2Kgs.23.11-fn1	fallback	verse_end	no_high_confidence_immediate_alignment	Hebreo parbarim
2Kgs.23.12	2Kgs.23.12-fn1	fallback	verse_end	source_anchor_word_not_semantically_specific	O los quitó rápidamente de allí
2Kgs.23.13	2Kgs.23.13-fn1	fallback	verse_end	no_high_confidence_immediate_alignment	Milcom es una variante de Moloc; véase Levítico 18:21 y 1 Reyes 11:7.
2Kgs.24.2	2Kgs.24.2-fn1	fallback	verse_end	no_high_confidence_immediate_alignment	O babilonio
2Kgs.25.1	2Kgs.25.1-fn1	fallback	verse_end	no_high_confidence_immediate_alignment	Literalmente Acampó fuera de ella y construyeron
2Kgs.25.4	2Kgs.25.4-fn1	fallback	verse_end	no_high_confidence_immediate_alignment	Es decir, los babilonios; también en los versículos 5, 6, 10, 13, 24, 25 y 26
2Kgs.25.17	2Kgs.25.17-fn1	fallback	verse_end	no_high_confidence_immediate_alignment	18 codos equivalen aproximadamente a 8.2 metros.
2Kgs.25.23	2Kgs.25.23-fn1	fallback	verse_end	no_high_confidence_immediate_alignment	Jaazanías es una variante de Jezanías; véase Jeremías 40:8.
2Kgs.25.27	2Kgs.25.27-fn1	fallback	verse_end	no_high_confidence_immediate_alignment	Literalmente levantó la cabeza de
1Chr.1.4	1Chr.1.4-fn1	fallback	verse_end	no_high_confidence_immediate_alignment	Hebreo no incluye Los hijos de; LXX Noé: los hijos de Noé; véase Génesis 5:32.
1Chr.1.6	1Chr.1.6-fn1	fallback	verse_end	no_high_confidence_immediate_alignment	Muchos manuscritos hebreos y Vulgata (véase también LXX y Génesis 10:3); la mayoría de los manuscritos hebreos Difat
1Chr.1.9	1Chr.1.9-fn1	fallback	verse_end	no_high_confidence_immediate_alignment	Sabta es una variante de Sabtah; véase Génesis 10:7.
1Chr.1.10	1Chr.1.10-fn1	fallback	verse_end	no_high_confidence_immediate_alignment	O que se estableció como un poderoso guerrero
1Chr.1.13	1Chr.1.13-fn1	fallback	verse_end	no_high_confidence_immediate_alignment	O de los sidonios, los principales
1Chr.1.17	1Chr.1.17-fn1	fallback	verse_end	no_high_confidence_immediate_alignment	Un manuscrito hebreo y algunos manuscritos LXX (véase también Génesis 10:23); la mayoría de los manuscritos hebreos no incluyen Los hijos de Aram.
1Chr.1.19	1Chr.1.19-fn1	fallback	verse_end	no_high_confidence_immediate_alignment	Peleg significa división.
1Chr.1.22	1Chr.1.22-fn1	fallback	verse_end	no_high_confidence_immediate_alignment	LXX y Siríaco (véase también Génesis 10:28); hebreo Ebal
1Chr.1.36	1Chr.1.36-fn1	fallback	verse_end	no_high_confidence_immediate_alignment	Muchos manuscritos hebreos, algunos manuscritos LXX y Siríaco (véase también Génesis 36:11); la mayoría de los manuscritos hebreos Zefi
1Chr.1.39	1Chr.1.39-fn1	fallback	verse_end	no_high_confidence_immediate_alignment	Homam es una variante de Hemam; véase Génesis 36:22.
1Chr.1.40	1Chr.1.40-fn1	fallback	verse_end	no_high_confidence_immediate_alignment	LXX (véase también Génesis 36:23); hebreo Alian
1Chr.1.40	1Chr.1.40-fn2	fallback	verse_end	no_high_confidence_immediate_alignment	LXX (véase también Génesis 36:23); hebreo Sefi
1Chr.1.41	1Chr.1.41-fn2	fallback	verse_end	no_high_confidence_immediate_alignment	LXX (véase también Génesis 36:26); hebreo Hamran
1Chr.1.42	1Chr.1.42-fn1	fallback	verse_end	no_high_confidence_immediate_alignment	LXX (véase también Génesis 36:27); hebreo Jaacán
1Chr.1.43	1Chr.1.43-fn1	fallback	verse_end	no_high_confidence_immediate_alignment	O antes de que un rey israelita gobernara sobre ellos
1Chr.1.48	1Chr.1.48-fn1	fallback	verse_end	no_high_confidence_immediate_alignment	Hebreo el Río
1Chr.1.50	1Chr.1.50-fn1	fallback	verse_end	no_high_confidence_immediate_alignment	Muchos manuscritos del TM, algunos manuscritos LXX, Vulgata y Siríaco (véase también Génesis 36:39); la mayoría de los manuscritos del TM Pai
1Chr.2.6	1Chr.2.6-fn2	fallback	verse_end	no_high_confidence_immediate_alignment	La mayoría de los manuscritos hebreos; muchos manuscritos hebreos, algunos manuscritos LXX y Siríaco (véase también 1 Reyes 4:31) Darda
1Chr.2.7	1Chr.2.7-fn2	fallback	verse_end	no_high_confidence_immediate_alignment	Acar significa perturbador; también llamado Acán en Josué 7 y Josué 22.
1Chr.2.11	1Chr.2.11-fn1	fallback	verse_end	no_high_confidence_immediate_alignment	LXX (véase también Rut 4:20–21); hebreo Salma; dos veces en este versículo
1Chr.2.13	1Chr.2.13-fn1	fallback	verse_end	no_high_confidence_immediate_alignment	Simea es una variante de Sama, Simea y Simei; véase 1 Samuel 16:9, 2 Samuel 13:3 y 2 Samuel 21:21.
1Chr.2.17	1Chr.2.17-fn1	fallback	verse_end	no_high_confidence_immediate_alignment	Jeter es una variante de Itra; véase 2 Samuel 17:25.
1Chr.2.19	1Chr.2.19-fn1	fallback	verse_end	no_high_confidence_immediate_alignment	Efrat es una variante de Efratá; véase el versículo 50.
1Chr.2.24	1Chr.2.24-fn1	fallback	verse_end	no_high_confidence_immediate_alignment	O Después de la muerte de Hezrón, Caleb tuvo relaciones con Efrata, la esposa de Hezrón su padre, y ella dio a luz; véase también LXX.
1Chr.2.42	1Chr.2.42-fn1	fallback	verse_end	no_high_confidence_immediate_alignment	Hebreo; LXX Maresa
1Chr.3.5	1Chr.3.5-fn1	fallback	verse_end	no_high_confidence_immediate_alignment	Simea es una variante de Samúa; véase 2 Samuel 5:14 y 1 Crónicas 14:4.
1Chr.3.5	1Chr.3.5-fn2	fallback	verse_end	no_high_confidence_immediate_alignment	Un manuscrito hebreo y Vulgata (véase también LXX y 2 Samuel 11:3); la mayoría de los manuscritos hebreos Bat-súa
1Chr.3.6	1Chr.3.6-fn1	fallback	verse_end	no_high_confidence_immediate_alignment	Hebreo no incluye Los otros hijos de David fueron.
1Chr.3.6	1Chr.3.6-fn2	fallback	verse_end	no_high_confidence_immediate_alignment	Dos manuscritos hebreos (véase también 2 Samuel 5:15 y 1 Crónicas 14:5); la mayoría de los manuscritos hebreos Elisama
1Chr.3.11	1Chr.3.11-fn1	fallback	verse_end	no_high_confidence_immediate_alignment	Joram es una variante ortográfica de Jehoram.
1Chr.4.3	1Chr.4.3-fn1	fallback	verse_end	no_high_confidence_immediate_alignment	LXX (véase también Vulgata); hebreo Estos eran del padre
1Chr.4.7	1Chr.4.7-fn1	fallback	verse_end	no_high_confidence_immediate_alignment	Lectura alternativa del TM; la otra lectura alternativa (véase también Vulgata) dice Izhar.
1Chr.4.9	1Chr.4.9-fn1	fallback	verse_end	no_high_confidence_immediate_alignment	Jabes suena como el hebreo para dolor o angustia.
1Chr.4.17	1Chr.4.17-fn1	fallback	verse_end	no_high_confidence_immediate_alignment	Literalmente ella dio a luz
1Chr.4.18	1Chr.4.18-fn1	fallback	verse_end	no_high_confidence_immediate_alignment	Esta declaración está al final del versículo 18 en el hebreo.
1Chr.4.18	1Chr.4.18-fn2	fallback	verse_end	no_high_confidence_immediate_alignment	O judaíta
1Chr.4.41	1Chr.4.41-fn1	fallback	verse_end	no_high_confidence_immediate_alignment	Las formas del hebreo cherem se refieren a la entrega de cosas o personas al SEÑOR, ya sea destruyéndolas o dándolas como ofrenda.
1Chr.5.6	1Chr.5.6-fn1	fallback	verse_end	no_high_confidence_immediate_alignment	Hebreo Tilgat-pilneser, una variante ortográfica de Tiglat-pileser; también en el versículo 26
1Chr.6.16	1Chr.6.16-fn1	fallback	verse_end	no_high_confidence_immediate_alignment	Gersom es una variante de Gersón; similarmente en los versículos 17, 20, 43, 62 y 71; véase el versículo 1.
1Chr.6.23	1Chr.6.23-fn1	fallback	verse_end	no_high_confidence_immediate_alignment	Ebiasaf es una variante de Abiasaf; también en el versículo 37; véase Éxodo 6:24.
1Chr.6.26	1Chr.6.26-fn1	fallback	verse_end	no_high_confidence_immediate_alignment	Algunos manuscritos hebreos, LXX y Siríaco; la mayoría de los manuscritos hebreos Elcana. Los hijos de Elcana:
1Chr.6.34	1Chr.6.34-fn1	fallback	verse_end	no_high_confidence_immediate_alignment	Eliel también es llamado Eliab; véase el versículo 27. Ambos son otros nombres para Eliú; véase 1 Samuel 1:1.
1Chr.6.40	1Chr.6.40-fn1	fallback	verse_end	no_high_confidence_immediate_alignment	La mayoría de los manuscritos hebreos; algunos manuscritos hebreos, un manuscrito LXX y Siríaco Maasías
1Chr.6.49	1Chr.6.49-fn1	fallback	verse_end	no_high_confidence_immediate_alignment	O el Lugar Santísimo
1Chr.6.57	1Chr.6.57-fn1	fallback	verse_end	no_high_confidence_immediate_alignment	Como en el texto paralelo de Josué 21:13; hebreo se les dieron las ciudades de refugio: Hebrón, Libna
1Chr.6.58	1Chr.6.58-fn1	fallback	verse_end	no_high_confidence_immediate_alignment	Algunos manuscritos hebreos; TM Hilez; texto paralelo en Josué 21:15 Holón
1Chr.6.59	1Chr.6.59-fn1	fallback	verse_end	no_high_confidence_immediate_alignment	Asán es una variante de Aín; véase Josué 21:16.
1Chr.6.59	1Chr.6.59-fn2	fallback	verse_end	no_high_confidence_immediate_alignment	Siríaco y el texto paralelo de Josué 21:16; TM no incluye Juta,
1Chr.6.60	1Chr.6.60-fn1	fallback	verse_end	no_high_confidence_immediate_alignment	LXX, Siríaco y texto paralelo de Josué 21:17; TM no incluye Gabaón,
1Chr.6.62	1Chr.6.62-fn1	fallback	verse_end	no_high_confidence_immediate_alignment	Gersomitas es una variante de Gersonitas; también en el versículo 71; véase 1 Crónicas 23:7.
1Chr.6.67	1Chr.6.67-fn1	fallback	verse_end	no_high_confidence_immediate_alignment	Como en el texto paralelo de Josué 21:21; hebreo Se les dieron las ciudades de refugio: Siquem
1Chr.6.77	1Chr.6.77-fn1	fallback	verse_end	no_high_confidence_immediate_alignment	LXX (se les dio) Joqneam, Carta, Rimono y Tabor; véase Josué 21:34.
1Chr.7.1	1Chr.7.1-fn1	fallback	verse_end	no_high_confidence_immediate_alignment	Púa es una variante de Puvá; véase Génesis 46:13 y Números 26:23.
1Chr.7.13	1Chr.7.13-fn1	fallback	verse_end	no_high_confidence_immediate_alignment	Jahziel es una variante de Jahzeel; véase Génesis 46:24.
1Chr.7.23	1Chr.7.23-fn1	fallback	verse_end	no_high_confidence_immediate_alignment	Bería suena como el hebreo para tragedia o desastre.
1Chr.7.28	1Chr.7.28-fn1	fallback	verse_end	no_high_confidence_immediate_alignment	Aya es otro nombre para Gaza; véase también LXX.
1Chr.7.29	1Chr.7.29-fn1	fallback	verse_end	no_high_confidence_immediate_alignment	Bet-seán es una variante de Bet-san; véase 1 Samuel 31:10 y 2 Samuel 21:12.
1Chr.7.34	1Chr.7.34-fn1	fallback	verse_end	no_high_confidence_immediate_alignment	O Los hijos de su hermano Semer: Roga; nótese que Semer es una variante de Somer; véase el versículo 32.
1Chr.7.35	1Chr.7.35-fn1	fallback	verse_end	no_high_confidence_immediate_alignment	Helem es posiblemente otro nombre de Hotam; véase el versículo 32.
1Chr.7.37	1Chr.7.37-fn1	fallback	verse_end	no_high_confidence_immediate_alignment	Itrán es posiblemente una variante de Jeter; véase el versículo 38.
1Chr.8.32	1Chr.8.32-fn1	fallback	verse_end	no_high_confidence_immediate_alignment	Simea es una variante de Simeam; véase 1 Crónicas 9:38.
1Chr.8.34	1Chr.8.34-fn1	fallback	verse_end	no_high_confidence_immediate_alignment	Merib-baal también es llamado Mefi-boset; véase 2 Samuel 4:4.
1Chr.8.35	1Chr.8.35-fn1	fallback	verse_end	no_high_confidence_immediate_alignment	Tarea es una variante de Tahrea; véase 1 Crónicas 9:41.
1Chr.8.36	1Chr.8.36-fn1	fallback	verse_end	no_high_confidence_immediate_alignment	Jeoada es una variante de Jarah o Jada; véase 1 Crónicas 9:42.
1Chr.8.37	1Chr.8.37-fn1	fallback	verse_end	no_high_confidence_immediate_alignment	Rafa es una variante de Refaías; véase 1 Crónicas 9:43.
1Chr.9.12	1Chr.9.12-fn1	fallback	verse_end	no_high_confidence_immediate_alignment	Mesillemit es una variante de Mesilemot; véase Nehemías 11:13.
1Chr.9.19	1Chr.9.19-fn1	fallback	verse_end	no_high_confidence_immediate_alignment	Ebiasaf es una variante de Abiasaf; véase Éxodo 6:24.
1Chr.9.35	1Chr.9.35-fn1	fallback	verse_end	no_high_confidence_immediate_alignment	O el fundador
1Chr.9.38	1Chr.9.38-fn1	fallback	verse_end	no_high_confidence_immediate_alignment	Simeam es una variante de Simea; véase 1 Crónicas 8:32.
1Chr.9.42	1Chr.9.42-fn1	fallback	verse_end	no_high_confidence_immediate_alignment	La mayoría de los manuscritos hebreos; algunos manuscritos hebreos y LXX Jada; Jada; nótese que Jarah y Jada son variantes de Jeoada; véase 1 Crónicas 8:36.
1Chr.9.43	1Chr.9.43-fn1	fallback	verse_end	no_high_confidence_immediate_alignment	Refaías es una variante de Rafa; véase 1 Crónicas 8:37.
1Chr.11.2	1Chr.11.2-fn1	fallback	verse_end	no_high_confidence_immediate_alignment	O Por algún tiempo
1Chr.11.11	1Chr.11.11-fn1	fallback	verse_end	no_high_confidence_immediate_alignment	O de los Treinta; algunos manuscritos LXX de los Tres; véase 2 Samuel 23:8.
1Chr.11.14	1Chr.11.14-fn1	fallback	verse_end	no_high_confidence_immediate_alignment	Literalmente Pero se apostaron
1Chr.11.23	1Chr.11.23-fn1	fallback	verse_end	no_high_confidence_immediate_alignment	5 codos equivalen aproximadamente a 229 centímetros de altura.
1Chr.11.27	1Chr.11.27-fn1	fallback	verse_end	no_high_confidence_immediate_alignment	Samot el harorita es una variante de Sama el harodita; véase 2 Samuel 23:25.
1Chr.11.31	1Chr.11.31-fn1	fallback	verse_end	no_high_confidence_immediate_alignment	Itai es una variante de Itai; véase 2 Samuel 23:29.
1Chr.11.32	1Chr.11.32-fn1	fallback	verse_end	no_high_confidence_immediate_alignment	Hurai es una variante de Hidai; véase 2 Samuel 23:30.
1Chr.11.32	1Chr.11.32-fn2	fallback	verse_end	no_high_confidence_immediate_alignment	O de los barrancos
1Chr.11.32	1Chr.11.32-fn3	fallback	verse_end	no_high_confidence_immediate_alignment	Abiel es una variante de Abi-albón; véase 2 Samuel 23:31.
1Chr.11.33	1Chr.11.33-fn1	fallback	verse_end	no_high_confidence_immediate_alignment	Baharumita es una variante de Barhumita; véase 2 Samuel 23:31.
1Chr.11.34	1Chr.11.34-fn1	fallback	verse_end	no_high_confidence_immediate_alignment	Hasem es una variante de Jasén; véase LXX y 2 Samuel 23:32.
1Chr.11.35	1Chr.11.35-fn1	fallback	verse_end	no_high_confidence_immediate_alignment	Sacar es una variante de Sarar; véase 2 Samuel 23:33.
1Chr.13.3	1Chr.13.3-fn1	fallback	verse_end	no_high_confidence_immediate_alignment	O de ella
1Chr.13.5	1Chr.13.5-fn1	fallback	verse_end	no_high_confidence_immediate_alignment	Hebreo desde Sihor
1Chr.13.9	1Chr.13.9-fn1	fallback	verse_end	no_high_confidence_immediate_alignment	Quidón es una variante de Nacón; véase 2 Samuel 6:6.
1Chr.13.11	1Chr.13.11-fn1	fallback	verse_end	no_high_confidence_immediate_alignment	Perez-uza significa irrupción contra Uza.
1Chr.14.4	1Chr.14.4-fn1	fallback	verse_end	no_high_confidence_immediate_alignment	Samúa es una variante de Simea; véase 1 Crónicas 3:5.
1Chr.14.7	1Chr.14.7-fn1	fallback	verse_end	no_high_confidence_immediate_alignment	Beeliada es una variante de Eliada; véase 2 Samuel 5:16.
1Chr.15.7	1Chr.15.7-fn1	fallback	verse_end	no_high_confidence_immediate_alignment	Gersomitas es una variante de Gersonitas; véase 1 Crónicas 23:7.
1Chr.15.20	1Chr.15.20-fn1	fallback	verse_end	no_high_confidence_immediate_alignment	Aziel es una variante de Jaaziel; véase el versículo 18.
1Chr.15.23	1Chr.15.23-fn1	fallback	verse_end	no_high_confidence_immediate_alignment	Literalmente porteros; también en el versículo 24
1Chr.16.3	1Chr.16.3-fn1	fallback	verse_end	no_high_confidence_immediate_alignment	O una porción de carne
1Chr.16.15	1Chr.16.15-fn1	fallback	verse_end	no_high_confidence_immediate_alignment	Hebreo; algunos manuscritos LXX Él recuerda; véase Salmos 105:8.
1Chr.17.5	1Chr.17.5-fn1	fallback	verse_end	no_high_confidence_immediate_alignment	Fuera de Egipto está implícito, pero no incluido en el hebreo; véase 2 Samuel 7:6.
1Chr.17.6	1Chr.17.6-fn1	fallback	verse_end	no_high_confidence_immediate_alignment	O jueces; véase el versículo 10.
1Chr.17.17	1Chr.17.17-fn1	fallback	verse_end	no_high_confidence_immediate_alignment	O y me has mostrado generaciones futuras
1Chr.18.3	1Chr.18.3-fn1	fallback	verse_end	no_high_confidence_immediate_alignment	Hebreo su mano
1Chr.18.6	1Chr.18.6-fn1	fallback	verse_end	no_high_confidence_immediate_alignment	LXX y Vulgata (véase también 2 Samuel 8:6 y Siríaco); hebreo no incluye guarniciones.
1Chr.18.6	1Chr.18.6-fn2	fallback	verse_end	no_high_confidence_immediate_alignment	O el SEÑOR salvó a David; también en el versículo 13
1Chr.18.8	1Chr.18.8-fn1	fallback	verse_end	no_high_confidence_immediate_alignment	Tibat es una variante de Tebah; véase 2 Samuel 8:8 LXX.
1Chr.18.9	1Chr.18.9-fn1	fallback	verse_end	no_high_confidence_immediate_alignment	Tou es una variante de Toi; también en el versículo 10; véase 2 Samuel 8:9.
1Chr.18.10	1Chr.18.10-fn1	fallback	verse_end	no_high_confidence_immediate_alignment	Hadoram es una variante de Joram; véase 2 Samuel 8:10.
1Chr.18.16	1Chr.18.16-fn1	fallback	verse_end	no_high_confidence_immediate_alignment	Algunos manuscritos hebreos, Vulgata y Siríaco (véase también 2 Samuel 8:17); la mayoría de los manuscritos hebreos Abimelec
1Chr.18.16	1Chr.18.16-fn2	fallback	verse_end	no_high_confidence_immediate_alignment	Savsa también es llamado Seraías, Seva y Sisa; véase 2 Samuel 8:17, 2 Samuel 20:25 y 1 Reyes 4:3.
1Chr.19.6	1Chr.19.6-fn2	fallback	verse_end	no_high_confidence_immediate_alignment	Es decir, Mesopotamia; Aram-naharaim significa Aram de los dos ríos, probablemente la región entre el Éufrates y el Balih en el noroeste de Mesopotamia.
1Chr.19.16	1Chr.19.16-fn2	fallback	verse_end	no_high_confidence_immediate_alignment	Sofac es una variante de Sobac; también en el versículo 18; véase 2 Samuel 10:16.
1Chr.20.1	1Chr.20.1-fn1	fallback	verse_end	no_high_confidence_immediate_alignment	Literalmente Al volver del año
1Chr.20.3	1Chr.20.3-fn1	fallback	verse_end	no_high_confidence_immediate_alignment	O los cortó
1Chr.20.4	1Chr.20.4-fn1	fallback	verse_end	no_high_confidence_immediate_alignment	Sipai es una variante de Saf; véase 2 Samuel 21:18.
1Chr.20.4	1Chr.20.4-fn2	fallback	verse_end	no_high_confidence_immediate_alignment	O los gigantes; véase también descendientes de Rafa en los versículos 6 y 8.
1Chr.21.12	1Chr.21.12-fn1	fallback	verse_end	no_high_confidence_immediate_alignment	Hebreo; LXX y Vulgata de huir; véase 2 Samuel 24:13.
1Chr.21.15	1Chr.21.15-fn1	fallback	verse_end	no_high_confidence_immediate_alignment	Ornán es una variante de Arauna; también en los versículos 18–28; véase 2 Samuel 24:16.
1Chr.21.17	1Chr.21.17-fn1	fallback	verse_end	source_anchor_word_not_semantically_specific	O Yo, el pastor, véase 2 Samuel 24:17 DSS y LXX.
1Chr.23.4	1Chr.23.4-fn1	fallback	verse_end	no_high_confidence_immediate_alignment	Hebreo no incluye dijo David,
1Chr.23.10	1Chr.23.10-fn2	fallback	verse_end	no_high_confidence_immediate_alignment	La mayoría de los manuscritos hebreos; un manuscrito hebreo, LXX y Vulgata (véase también el versículo 11) Zizá
1Chr.23.23	1Chr.23.23-fn1	fallback	verse_end	no_high_confidence_immediate_alignment	Jeremot es una variante de Jerimot; véase 1 Crónicas 24:30.
1Chr.24.20	1Chr.24.20-fn1	fallback	verse_end	no_high_confidence_immediate_alignment	Subael (dos veces en este versículo) es una variante de Sebuel; véase 1 Crónicas 23:16 y 1 Crónicas 26:24.
1Chr.24.22	1Chr.24.22-fn1	fallback	verse_end	no_high_confidence_immediate_alignment	Selomot (dos veces en este versículo) es una variante de Selomit; véase 1 Crónicas 23:18.
1Chr.24.30	1Chr.24.30-fn1	fallback	verse_end	no_high_confidence_immediate_alignment	Jerimot es una variante de Jeremot; véase 1 Crónicas 23:23.
1Chr.25.4	1Chr.25.4-fn1	fallback	verse_end	no_high_confidence_immediate_alignment	Sebuel es una variante de Subael; véase el versículo 20.
1Chr.25.4	1Chr.25.4-fn2	fallback	verse_end	no_high_confidence_immediate_alignment	Jerimot es una variante de Jeremot; véase el versículo 22.
1Chr.25.9	1Chr.25.9-fn1	fallback	verse_end	no_high_confidence_immediate_alignment	Véase LXX y el total en el versículo 7; hebreo no incluye sus hijos, y sus hermanos—12 en total;
1Chr.25.11	1Chr.25.11-fn1	fallback	verse_end	no_high_confidence_immediate_alignment	Izri es una variante de Zeri; véase el versículo 3.
1Chr.25.14	1Chr.25.14-fn1	fallback	verse_end	no_high_confidence_immediate_alignment	Jesarela es una variante de Asarela; véase el versículo 2.
1Chr.25.18	1Chr.25.18-fn1	fallback	verse_end	no_high_confidence_immediate_alignment	Azarel es una variante de Uziel; véase el versículo 4.
1Chr.25.22	1Chr.25.22-fn1	fallback	verse_end	no_high_confidence_immediate_alignment	Jeremot es una variante de Jerimot; véase el versículo 4.
1Chr.26.14	1Chr.26.14-fn1	fallback	verse_end	no_high_confidence_immediate_alignment	Selemías es una variante de Meselemías; véase el versículo 2.
1Chr.26.16	1Chr.26.16-fn1	fallback	verse_end	no_high_confidence_immediate_alignment	O en el camino superior
1Chr.26.18	1Chr.26.18-fn1	fallback	verse_end	no_high_confidence_immediate_alignment	Hebreo parbar; dos veces en este versículo
1Chr.26.20	1Chr.26.20-fn1	fallback	verse_end	source_anchor_word_not_semantically_specific	LXX; hebreo En cuanto a los levitas, Ahías era
1Chr.26.25	1Chr.26.25-fn1	fallback	verse_end	no_high_confidence_immediate_alignment	Jesaías es una variante de Isías; véase 1 Crónicas 24:21.
1Chr.26.29	1Chr.26.29-fn1	fallback	verse_end	no_high_confidence_immediate_alignment	O los deberes fuera (del templo) o los deberes fuera (de Jerusalén)
1Chr.26.31	1Chr.26.31-fn1	fallback	verse_end	no_high_confidence_immediate_alignment	Jerías es una variante de Jerías; véase 1 Crónicas 23:19.
1Chr.27.4	1Chr.27.4-fn1	fallback	verse_end	no_high_confidence_immediate_alignment	Dodai es una variante de Dodo; véase 2 Samuel 23:9.
1Chr.27.8	1Chr.27.8-fn1	fallback	verse_end	no_high_confidence_immediate_alignment	Samut es una variante de Samot o Sama; véase 1 Crónicas 11:27 y 2 Samuel 23:25.
1Chr.27.15	1Chr.27.15-fn1	fallback	verse_end	no_high_confidence_immediate_alignment	Heldai es una variante de Heled; véase 1 Crónicas 11:30 y 2 Samuel 23:29.
1Chr.27.28	1Chr.27.28-fn1	fallback	verse_end	no_high_confidence_immediate_alignment	Hebreo Sefela o tierras bajas; es decir, las estribaciones occidentales de Judea
1Chr.28.11	1Chr.28.11-fn1	fallback	verse_end	no_high_confidence_immediate_alignment	LXX; hebreo no incluye del templo.
1Chr.28.12	1Chr.28.12-fn1	fallback	verse_end	no_high_confidence_immediate_alignment	O tuvo consigo por el Espíritu
2Chr.1.14	2Chr.1.14-fn1	fallback	verse_end	no_high_confidence_immediate_alignment	Literalmente Salomón acumuló carros y caballos; tenía
2Chr.1.14	2Chr.1.14-fn2	fallback	verse_end	no_high_confidence_immediate_alignment	O jinetes o aurigas
2Chr.1.16	2Chr.1.16-fn1	fallback	verse_end	no_high_confidence_immediate_alignment	Probablemente un área en Cilicia, una provincia en el sureste de Asia Menor
2Chr.2.8	2Chr.2.8-fn1	fallback	verse_end	no_high_confidence_immediate_alignment	O pino o enebro o abeto
2Chr.2.8	2Chr.2.8-fn2	fallback	verse_end	no_high_confidence_immediate_alignment	Algum es probablemente una variante de almug; véase 1 Reyes 10:11.
2Chr.3.1	2Chr.3.1-fn1	fallback	verse_end	no_high_confidence_immediate_alignment	Véase LXX; hebreo donde Él había aparecido
2Chr.3.1	2Chr.3.1-fn2	fallback	verse_end	no_high_confidence_immediate_alignment	Ornán es una variante de Arauna; véase 2 Samuel 24:16.
2Chr.3.15	2Chr.3.15-fn1	fallback	verse_end	no_high_confidence_immediate_alignment	35 codos equivalen aproximadamente a 16 metros.
2Chr.3.16	2Chr.3.16-fn1	fallback	verse_end	no_high_confidence_immediate_alignment	O Hizo cadenas en el santuario interior
2Chr.4.5	2Chr.4.5-fn1	fallback	verse_end	no_high_confidence_immediate_alignment	Un palmo equivale aproximadamente a 7.4 centímetros.
2Chr.5.9	2Chr.5.9-fn1	fallback	verse_end	no_high_confidence_immediate_alignment	Algunos manuscritos hebreos y LXX Las varas se extendían lo suficiente como para que sus extremos fueran visibles desde el Lugar Santo frente al santuario interior; véase 1 Reyes 8:8.
2Chr.5.9	2Chr.5.9-fn2	fallback	verse_end	no_high_confidence_immediate_alignment	Literalmente no desde fuera
2Chr.7.8	2Chr.7.8-fn1	fallback	verse_end	no_high_confidence_immediate_alignment	Es decir, la Fiesta de los Tabernáculos (o Cabañas o Enramadas); véase Levítico 23:33–36.
2Chr.7.21	2Chr.7.21-fn1	fallback	verse_end	no_high_confidence_immediate_alignment	Algunos manuscritos LXX, Siríaco y Árabe; hebreo Y aunque este templo ahora está exaltado; véase también 1 Reyes 9:8.
2Chr.8.6	2Chr.8.6-fn1	fallback	verse_end	no_high_confidence_immediate_alignment	O jinetes o aurigas
2Chr.8.17	2Chr.8.17-fn1	fallback	verse_end	no_high_confidence_immediate_alignment	Elot es una variante de Elat; véase LXX, 2 Reyes 14:22 y 2 Reyes 16:6.
2Chr.9.4	2Chr.9.4-fn1	fallback	verse_end	no_high_confidence_immediate_alignment	LXX y Siríaco (véase también 1 Reyes 10:5); hebreo y su escalera por la cual subía
2Chr.9.5	2Chr.9.5-fn1	fallback	verse_end	no_high_confidence_immediate_alignment	O tus logros
2Chr.9.10	2Chr.9.10-fn1	fallback	verse_end	no_high_confidence_immediate_alignment	Algum es probablemente una variante de almug; también en el versículo 11; véase 1 Reyes 10:11.
2Chr.9.21	2Chr.9.21-fn2	fallback	verse_end	no_high_confidence_immediate_alignment	Hebreo de Huram, una variante de Hiram
2Chr.10.14	2Chr.10.14-fn1	fallback	verse_end	no_high_confidence_immediate_alignment	LXX y muchos manuscritos hebreos (véase también 1 Reyes 12:14); TM Mientras que yo hice pesado su yugo
2Chr.10.16	2Chr.10.16-fn1	fallback	verse_end	no_high_confidence_immediate_alignment	Siríaco, Vulgata y muchos manuscritos hebreos; TM Y todo Israel, ya que el rey se había negado a escucharlos, respondió.
2Chr.10.18	2Chr.10.18-fn1	fallback	verse_end	no_high_confidence_immediate_alignment	Hadoram es una variante de Adoram y Adoniram; véase 2 Samuel 20:24 y 1 Reyes 4:6.
2Chr.12.1	2Chr.12.1-fn1	fallback	verse_end	no_high_confidence_immediate_alignment	Es decir, Judá; en 2 Crónicas, Judá es ocasionalmente llamado Israel, como representante del verdadero Israel.
2Chr.12.3	2Chr.12.3-fn1	fallback	verse_end	no_high_confidence_immediate_alignment	O aurigas
2Chr.13.2	2Chr.13.2-fn1	fallback	verse_end	no_high_confidence_immediate_alignment	Hebreo; la mayoría de los manuscritos LXX y Siríaco Maaca; véase 2 Crónicas 11:20 y 1 Reyes 15:2.
2Chr.13.22	2Chr.13.22-fn1	fallback	verse_end	no_high_confidence_immediate_alignment	O Exposición o Estudio
2Chr.14.9	2Chr.14.9-fn1	fallback	verse_end	no_high_confidence_immediate_alignment	O un ejército de miles y miles; hebreo un ejército de mil millares
2Chr.15.8	2Chr.15.8-fn1	fallback	verse_end	no_high_confidence_immediate_alignment	Vulgata y Siríaco (véase también el versículo 1 y LXX); hebreo no incluye Azarías hijo de.
2Chr.15.16	2Chr.15.16-fn1	fallback	verse_end	no_high_confidence_immediate_alignment	Hebreo su madre
2Chr.16.4	2Chr.16.4-fn1	fallback	verse_end	no_high_confidence_immediate_alignment	Abel-maim también era conocido como Abel-bet-maaca; véase 1 Reyes 15:20.
2Chr.16.8	2Chr.16.8-fn1	fallback	verse_end	no_high_confidence_immediate_alignment	Es decir, personas de la región del Alto Nilo
2Chr.17.6	2Chr.17.6-fn1	fallback	verse_end	no_high_confidence_immediate_alignment	O fue exaltado o fue valiente
2Chr.18.33	2Chr.18.33-fn1	fallback	verse_end	no_high_confidence_immediate_alignment	Literalmente Gira tu mano
2Chr.20.1	2Chr.20.1-fn1	fallback	verse_end	no_high_confidence_immediate_alignment	Algunos manuscritos LXX (véase también 2 Crónicas 26:7); hebreo junto con otros amonitas o junto con algunos además de los amonitas
2Chr.20.2	2Chr.20.2-fn1	fallback	verse_end	no_high_confidence_immediate_alignment	Un manuscrito hebreo; la mayoría de los manuscritos hebreos, LXX y Vulgata Aram
2Chr.20.9	2Chr.20.9-fn1	fallback	verse_end	no_high_confidence_immediate_alignment	O la espada del juicio
2Chr.20.23	2Chr.20.23-fn1	fallback	verse_end	no_high_confidence_immediate_alignment	Las formas del hebreo cherem se refieren a la entrega de cosas o personas al SEÑOR, ya sea destruyéndolas o dándolas como ofrenda.
2Chr.20.25	2Chr.20.25-fn1	fallback	verse_end	no_high_confidence_immediate_alignment	Algunos manuscritos hebreos y Vulgata encontraron entre ellos una abundancia de bienes, ropa y objetos de valor
2Chr.20.26	2Chr.20.26-fn1	fallback	verse_end	no_high_confidence_immediate_alignment	Beraca significa bendición.
2Chr.21.9	2Chr.21.9-fn1	fallback	verse_end	no_high_confidence_immediate_alignment	O salió y escapó
2Chr.22.1	2Chr.22.1-fn1	fallback	verse_end	no_high_confidence_immediate_alignment	O ya que las bandas de asaltantes árabes
2Chr.22.2	2Chr.22.2-fn1	fallback	verse_end	no_high_confidence_immediate_alignment	Algunos manuscritos LXX y Siríaco (véase también 2 Reyes 8:26); hebreo cuarenta y dos
2Chr.22.11	2Chr.22.11-fn1	fallback	verse_end	no_high_confidence_immediate_alignment	Josabate es una variante de Josaba; dos veces en este versículo; véase 2 Reyes 11:2.
2Chr.23.14	2Chr.23.14-fn1	fallback	verse_end	no_high_confidence_immediate_alignment	O fuera de los recintos
2Chr.24.23	2Chr.24.23-fn1	fallback	verse_end	no_high_confidence_immediate_alignment	Literalmente Al volver del año
2Chr.24.25	2Chr.24.25-fn1	fallback	verse_end	no_high_confidence_immediate_alignment	LXX y Vulgata; hebreo de los hijos
2Chr.24.26	2Chr.24.26-fn1	fallback	verse_end	no_high_confidence_immediate_alignment	Zabad es una variante de Jozabad; véase 2 Reyes 12:21.
2Chr.24.26	2Chr.24.26-fn2	fallback	verse_end	no_high_confidence_immediate_alignment	Simrit es una variante de Somer; véase 2 Reyes 12:21.
2Chr.24.27	2Chr.24.27-fn1	fallback	verse_end	no_high_confidence_immediate_alignment	O fundación
2Chr.24.27	2Chr.24.27-fn2	fallback	verse_end	no_high_confidence_immediate_alignment	O Exposición o Estudio
2Chr.26.2	2Chr.26.2-fn1	fallback	verse_end	no_high_confidence_immediate_alignment	Elot es una variante de Elat; véase LXX, 2 Reyes 14:22 y 2 Reyes 16:6.
2Chr.26.2	2Chr.26.2-fn2	fallback	verse_end	no_high_confidence_immediate_alignment	Literalmente después del rey
2Chr.26.5	2Chr.26.5-fn1	fallback	verse_end	no_high_confidence_immediate_alignment	Muchos manuscritos hebreos, LXX y Siríaco; otros manuscritos hebreos a través de la visión
2Chr.26.10	2Chr.26.10-fn1	fallback	verse_end	no_high_confidence_immediate_alignment	Hebreo Sefela o tierras bajas; es decir, las estribaciones occidentales de Judea
2Chr.26.15	2Chr.26.15-fn1	fallback	verse_end	no_high_confidence_immediate_alignment	O para proteger a los que disparan
2Chr.26.19	2Chr.26.19-fn1	fallback	verse_end	no_high_confidence_immediate_alignment	La lepra era un término usado para diversas enfermedades de la piel; véase Levítico 13.
2Chr.26.23	2Chr.26.23-fn1	fallback	verse_end	source_anchor_word_not_semantically_specific	Literalmente con sus padres
2Chr.27.1	2Chr.27.1-fn1	fallback	verse_end	no_high_confidence_immediate_alignment	Jerusa es una variante de Jerusa; véase 2 Reyes 15:33.
2Chr.28.12	2Chr.28.12-fn1	fallback	verse_end	no_high_confidence_immediate_alignment	Es decir, los líderes del reino del norte de Israel
2Chr.28.12	2Chr.28.12-fn2	fallback	verse_end	no_high_confidence_immediate_alignment	Mesilemot es una variante de Mesillemit; véase 1 Crónicas 9:12.
2Chr.28.16	2Chr.28.16-fn1	fallback	verse_end	no_high_confidence_immediate_alignment	LXX, Siríaco y Vulgata (véase también 2 Reyes 16:7); hebreo reyes
2Chr.28.20	2Chr.28.20-fn1	fallback	verse_end	no_high_confidence_immediate_alignment	Hebreo Tilgat-pilneser, una variante ortográfica de Tiglat-pileser
2Chr.29.1	2Chr.29.1-fn1	fallback	verse_end	no_high_confidence_immediate_alignment	Abías es una variante de Abi; véase 2 Reyes 18:2.
2Chr.32.14	2Chr.32.14-fn1	fallback	verse_end	no_high_confidence_immediate_alignment	Las formas del hebreo cherem se refieren a la entrega de cosas o personas al SEÑOR, ya sea destruyéndolas o dándolas como ofrenda.
2Chr.32.18	2Chr.32.18-fn1	fallback	verse_end	no_high_confidence_immediate_alignment	O en el dialecto de Judá
2Chr.34.6	2Chr.34.6-fn1	fallback	verse_end	no_high_confidence_immediate_alignment	O en las regiones
2Chr.34.14	2Chr.34.14-fn1	fallback	verse_end	source_anchor_word_not_semantically_specific	Hebreo la Ley del SEÑOR por mano de
2Chr.34.20	2Chr.34.20-fn1	fallback	verse_end	no_high_confidence_immediate_alignment	Abdón es una variante de Acbor; véase 2 Reyes 22:12.
2Chr.34.20	2Chr.34.20-fn2	fallback	verse_end	no_high_confidence_immediate_alignment	Mica es una variante de Micaías; véase 2 Reyes 22:12.
2Chr.34.22	2Chr.34.22-fn1	fallback	verse_end	no_high_confidence_immediate_alignment	Un manuscrito hebreo, Vulgata y Siríaco; la mayoría de los manuscritos hebreos y aquellos a quienes el rey había enviado fueron a Hulda
2Chr.34.22	2Chr.34.22-fn2	fallback	verse_end	no_high_confidence_immediate_alignment	Tócat es una variante de Ticva; véase 2 Reyes 22:14.
2Chr.34.22	2Chr.34.22-fn3	fallback	verse_end	no_high_confidence_immediate_alignment	Hasra es una variante de Harhas; véase 2 Reyes 22:14.
2Chr.35.6	2Chr.35.6-fn1	fallback	verse_end	source_anchor_word_not_semantically_specific	Hebreo la palabra del SEÑOR por mano de
2Chr.36.2	2Chr.36.2-fn1	fallback	verse_end	no_high_confidence_immediate_alignment	Hebreo Joacaz, una variante de Joacaz; también en el versículo 4
2Chr.36.9	2Chr.36.9-fn1	fallback	verse_end	no_high_confidence_immediate_alignment	Un manuscrito hebreo, algunos manuscritos LXX y Siríaco (véase también 2 Reyes 24:8); la mayoría de los manuscritos hebreos ocho
2Chr.36.10	2Chr.36.10-fn1	fallback	verse_end	no_high_confidence_immediate_alignment	Literalmente Al volver del año
2Chr.36.10	2Chr.36.10-fn2	fallback	verse_end	no_high_confidence_immediate_alignment	O hermano o tío
2Chr.36.15	2Chr.36.15-fn1	fallback	verse_end	source_anchor_word_not_semantically_specific	Literalmente Levantándose temprano y enviando (ellos),
Ezra.1.9	Ezra.1.9-fn1	fallback	verse_end	no_high_confidence_immediate_alignment	O vasijas; dos veces en este versículo
Ezra.2.10	Ezra.2.10-fn1	fallback	verse_end	no_high_confidence_immediate_alignment	Bani es una variante de Binúi; véase Nehemías 7:15.
Ezra.2.18	Ezra.2.18-fn1	fallback	verse_end	no_high_confidence_immediate_alignment	Jora es una variante de Harif; véase Nehemías 7:24.
Ezra.2.20	Ezra.2.20-fn1	fallback	verse_end	no_high_confidence_immediate_alignment	Gibbar es una variante de Gabaón; véase Nehemías 7:25.
Ezra.2.21	Ezra.2.21-fn1	fallback	verse_end	no_high_confidence_immediate_alignment	Literalmente los hijos; aquí y en los versículos 25, 26, 33 y 34
Ezra.2.24	Ezra.2.24-fn1	fallback	verse_end	no_high_confidence_immediate_alignment	Azmavet es una variante de Bet-azmavet; véase Nehemías 7:28.
Ezra.2.31	Ezra.2.31-fn1	fallback	verse_end	no_high_confidence_immediate_alignment	O de Elam occidental
Ezra.2.40	Ezra.2.40-fn1	fallback	verse_end	no_high_confidence_immediate_alignment	Hodavías es una variante de Hodeva; véase Nehemías 7:43.
Ezra.2.43	Ezra.2.43-fn1	fallback	verse_end	no_high_confidence_immediate_alignment	Hebreo Los netineos; también en los versículos 58 y 70
Ezra.2.44	Ezra.2.44-fn1	fallback	verse_end	no_high_confidence_immediate_alignment	Siaha es una variante de Sia; véase Nehemías 7:47.
Ezra.2.46	Ezra.2.46-fn1	fallback	verse_end	no_high_confidence_immediate_alignment	Lectura alternativa del TM (véase también Nehemías 7:48); la otra lectura alternativa dice Samlai
Ezra.2.52	Ezra.2.52-fn1	fallback	verse_end	no_high_confidence_immediate_alignment	Bazlut es una variante de Bazlit; véase Nehemías 7:54.
Ezra.2.59	Ezra.2.59-fn1	fallback	verse_end	no_high_confidence_immediate_alignment	Adán es una variante de Adón; véase Nehemías 7:61.
Ezra.3.2	Ezra.3.2-fn1	fallback	verse_end	no_high_confidence_immediate_alignment	Jozadac es una variante de Jehozadac; también en el versículo 8; véase 1 Crónicas 6:14.
Ezra.3.9	Ezra.3.9-fn1	fallback	verse_end	no_high_confidence_immediate_alignment	Hebreo hijos de Judá; es decir, muy probablemente, hijos de Jehudá, otro nombre para Hodeva u Hodavías; véase Esdras 2:40 y Nehemías 7:43.
Ezra.4.10	Ezra.4.10-fn1	fallback	verse_end	no_high_confidence_immediate_alignment	Arameo Osnappar, otro nombre para Asurbanipal
Ezra.4.14	Ezra.4.14-fn1	fallback	verse_end	no_high_confidence_immediate_alignment	Literalmente porque la sal del palacio es la sal que comemos
Ezra.5.2	Ezra.5.2-fn1	fallback	verse_end	no_high_confidence_immediate_alignment	Jozadac es una variante de Jehozadac; véase 1 Crónicas 6:14.
Ezra.5.4	Ezra.5.4-fn1	fallback	verse_end	no_high_confidence_immediate_alignment	LXX y Siríaco; arameo Entonces les dijimos,
Ezra.5.10	Ezra.5.10-fn1	fallback	verse_end	no_high_confidence_immediate_alignment	Arameo los nombres de los hombres a sus cabezas
Ezra.5.14	Ezra.5.14-fn1	fallback	verse_end	no_high_confidence_immediate_alignment	O palacio
Ezra.6.21	Ezra.6.21-fn1	fallback	verse_end	no_high_confidence_immediate_alignment	O naciones
Ezra.7.1	Ezra.7.1-fn1	fallback	verse_end	no_high_confidence_immediate_alignment	Literalmente Después de estas cosas
Ezra.8.5	Ezra.8.5-fn1	fallback	verse_end	no_high_confidence_immediate_alignment	Algunos manuscritos LXX (véase también 1 Esdras 8:32); hebreo de los descendientes de Secanías, hijo de Jahaziel
Ezra.8.10	Ezra.8.10-fn1	fallback	verse_end	no_high_confidence_immediate_alignment	Algunos manuscritos LXX (véase también 1 Esdras 8:36); hebreo de los descendientes de Selomit, hijo de Josifías
Ezra.8.13	Ezra.8.13-fn1	fallback	verse_end	no_high_confidence_immediate_alignment	O los últimos
Ezra.8.14	Ezra.8.14-fn1	fallback	verse_end	no_high_confidence_immediate_alignment	LXX, Siríaco y una lectura alternativa del TM; la otra lectura alternativa dice Zabud.
Ezra.8.16	Ezra.8.16-fn1	fallback	verse_end	no_high_confidence_immediate_alignment	Elnatán aparece tres veces en el versículo, ya sea como una repetición para enfatizar o como un registro de varios hombres con este nombre.
Ezra.8.17	Ezra.8.17-fn1	fallback	verse_end	no_high_confidence_immediate_alignment	Hebreo los netineos; también en el versículo 20
Ezra.8.36	Ezra.8.36-fn1	fallback	verse_end	no_high_confidence_immediate_alignment	Un sátrapa era un oficial persa.
Ezra.9.8	Ezra.9.8-fn1	fallback	verse_end	no_high_confidence_immediate_alignment	O clavo o punto de apoyo
Ezra.10.6	Ezra.10.6-fn1	fallback	verse_end	no_high_confidence_immediate_alignment	O fue
Ezra.10.18	Ezra.10.18-fn1	fallback	verse_end	no_high_confidence_immediate_alignment	Jozadac es una variante de Jehozadac; véase 1 Crónicas 6:14.
Ezra.10.25	Ezra.10.25-fn1	fallback	verse_end	no_high_confidence_immediate_alignment	Hebreo; LXX Hasabías
Neh.1.1	Neh.1.1-fn1	fallback	verse_end	no_high_confidence_immediate_alignment	Quislev es el noveno mes del calendario lunar hebreo, que generalmente ocurría dentro de los meses de noviembre y diciembre.
Neh.1.9	Neh.1.9-fn1	fallback	verse_end	no_high_confidence_immediate_alignment	O hasta el extremo de los cielos
Neh.2.1	Neh.2.1-fn1	fallback	verse_end	no_high_confidence_immediate_alignment	Nisán es el primer mes del calendario lunar hebreo, que generalmente ocurría dentro de los meses de marzo y abril.
Neh.2.13	Neh.2.13-fn1	fallback	verse_end	no_high_confidence_immediate_alignment	O Dragón o Chacal
Neh.3.15	Neh.3.15-fn1	fallback	verse_end	no_high_confidence_immediate_alignment	Hebreo; Siríaco Salum
Neh.3.15	Neh.3.15-fn2	fallback	verse_end	no_high_confidence_immediate_alignment	Estanque de Selah es otro nombre para el Estanque de Siloé.
Neh.3.18	Neh.3.18-fn1	fallback	verse_end	no_high_confidence_immediate_alignment	Dos manuscritos hebreos y Siríaco (véase también LXX y Nehemías 3:24); la mayoría de los manuscritos hebreos Bavvai
Neh.3.26	Neh.3.26-fn1	fallback	verse_end	no_high_confidence_immediate_alignment	Hebreo los netineos; también en el versículo 31
Neh.4.2	Neh.4.2-fn1	fallback	verse_end	no_high_confidence_immediate_alignment	O ¿Se comprometerán con Dios?
Neh.4.10	Neh.4.10-fn1	fallback	verse_end	no_high_confidence_immediate_alignment	O Mientras tanto, Judá dijo
Neh.6.2	Neh.6.2-fn2	fallback	verse_end	no_high_confidence_immediate_alignment	O en el valle
Neh.6.6	Neh.6.6-fn1	fallback	verse_end	no_high_confidence_immediate_alignment	Hebreo Gashmu, una variante de Gesem; véase el versículo 1.
Neh.7.15	Neh.7.15-fn1	fallback	verse_end	no_high_confidence_immediate_alignment	Binúi es una variante de Bani; véase Esdras 2:10.
Neh.7.24	Neh.7.24-fn1	fallback	verse_end	no_high_confidence_immediate_alignment	Harif es una variante de Jora; véase Esdras 2:18.
Neh.7.25	Neh.7.25-fn1	fallback	verse_end	no_high_confidence_immediate_alignment	Gabaón es una variante de Gibbar; véase Esdras 2:20.
Neh.7.28	Neh.7.28-fn1	fallback	verse_end	no_high_confidence_immediate_alignment	Bet-azmavet es una variante de Azmavet; véase Esdras 2:24.
Neh.7.33	Neh.7.33-fn1	fallback	verse_end	no_high_confidence_immediate_alignment	O de Nebo occidental
Neh.7.34	Neh.7.34-fn1	fallback	verse_end	no_high_confidence_immediate_alignment	O de Elam occidental
Neh.7.36	Neh.7.36-fn1	fallback	verse_end	no_high_confidence_immediate_alignment	Literalmente los hijos; aquí y en el versículo 37
Neh.7.43	Neh.7.43-fn1	fallback	verse_end	no_high_confidence_immediate_alignment	Hodeva es una variante de Hodavías; véase Esdras 2:40.
Neh.7.46	Neh.7.46-fn1	fallback	verse_end	no_high_confidence_immediate_alignment	Hebreo Los netineos; también en los versículos 60 y 73
Neh.7.47	Neh.7.47-fn1	fallback	verse_end	no_high_confidence_immediate_alignment	Sia es una variante de Siaha; véase Esdras 2:44.
Neh.7.54	Neh.7.54-fn1	fallback	verse_end	no_high_confidence_immediate_alignment	Bazlit es una variante de Bazlut; véase Esdras 2:52.
Neh.7.61	Neh.7.61-fn1	fallback	verse_end	no_high_confidence_immediate_alignment	Adón es una variante de Adán; véase Esdras 2:59.
Neh.8.8	Neh.8.8-fn1	fallback	verse_end	source_anchor_word_not_semantically_specific	O traduciéndolo o párrafo por párrafo
Neh.8.14	Neh.8.14-fn1	fallback	verse_end	no_high_confidence_immediate_alignment	O tabernáculos o enramadas; también en los versículos 15, 16 y 17
Neh.8.15	Neh.8.15-fn1	fallback	verse_end	no_high_confidence_immediate_alignment	O pino; literalmente árbol de aceite
Neh.9.17	Neh.9.17-fn1	fallback	verse_end	no_high_confidence_immediate_alignment	LXX y algunos manuscritos hebreos; TM para devolverlos a su servidumbre en su rebelión
Neh.9.38	Neh.9.38-fn1	fallback	verse_end	source_anchor_word_not_semantically_specific	Hebreo no incluye los nombres de.
Neh.10.8	Neh.10.8-fn1	fallback	verse_end	no_high_confidence_immediate_alignment	Bilgai es una variante de Bilga; véase Nehemías 12:5.
Neh.10.28	Neh.10.28-fn1	fallback	verse_end	no_high_confidence_immediate_alignment	Hebreo netineos
Neh.11.1	Neh.11.1-fn1	fallback	verse_end	no_high_confidence_immediate_alignment	Hebreo nueve manos
Neh.11.14	Neh.11.14-fn1	fallback	verse_end	no_high_confidence_immediate_alignment	La mayoría de los manuscritos LXX; hebreo sus asociados
Neh.11.22	Neh.11.22-fn1	fallback	verse_end	no_high_confidence_immediate_alignment	Mica es una variante de Micaías; véase Nehemías 12:35.
Neh.11.24	Neh.11.24-fn1	fallback	verse_end	no_high_confidence_immediate_alignment	Hebreo mano
Neh.12.2	Neh.12.2-fn1	fallback	verse_end	no_high_confidence_immediate_alignment	Maluc es una variante de Maluchi; véase el versículo 14.
Neh.12.3	Neh.12.3-fn1	fallback	verse_end	no_high_confidence_immediate_alignment	Rehum es una variante de Harim; véase el versículo 15, Nehemías 7:42 y Esdras 2:39.
Neh.12.4	Neh.12.4-fn1	fallback	verse_end	no_high_confidence_immediate_alignment	Muchos manuscritos hebreos y Vulgata (véase también el versículo 16); la mayoría de los manuscritos TM Ginetoi
Neh.12.5	Neh.12.5-fn1	fallback	verse_end	no_high_confidence_immediate_alignment	Mijamín es una variante de Miniamín; véase el versículo 17.
Neh.12.5	Neh.12.5-fn2	fallback	verse_end	no_high_confidence_immediate_alignment	Maadías es una variante de Moadías; véase el versículo 17.
Neh.12.14	Neh.12.14-fn1	fallback	verse_end	no_high_confidence_immediate_alignment	Maluchi es una variante de Maluc; véase el versículo 2.
Neh.12.14	Neh.12.14-fn2	fallback	verse_end	no_high_confidence_immediate_alignment	Sebanías es una variante de Secanías; véase el versículo 3; véase también Siríaco y algunos manuscritos hebreos y LXX.
Neh.12.15	Neh.12.15-fn1	fallback	verse_end	no_high_confidence_immediate_alignment	Meraiot es una variante de Meremot; véase el versículo 3 y también algunos manuscritos LXX.
Neh.12.17	Neh.12.17-fn1	fallback	verse_end	no_high_confidence_immediate_alignment	Moadías es una variante de Maadías; véase el versículo 5.
Neh.12.20	Neh.12.20-fn1	fallback	verse_end	no_high_confidence_immediate_alignment	Salai es una variante de Salú; véase el versículo 7.
Neh.12.24	Neh.12.24-fn1	fallback	verse_end	no_high_confidence_immediate_alignment	O Serebías, Jesúa, Binúi y Cadmiel
Neh.12.26	Neh.12.26-fn1	fallback	verse_end	no_high_confidence_immediate_alignment	Jozadac es una variante de Jehozadac; véase 1 Crónicas 6:14.
Neh.12.35	Neh.12.35-fn1	fallback	verse_end	no_high_confidence_immediate_alignment	Micaías es una variante de Mica; véase Nehemías 11:22.
Esth.1.17	Esth.1.17-fn1	fallback	verse_end	no_high_confidence_immediate_alignment	O menospreciar a sus maridos ante sus ojos
Esth.1.22	Esth.1.22-fn1	fallback	verse_end	no_high_confidence_immediate_alignment	Literalmente proclamando en la lengua de su propio pueblo
Esth.2.6	Esth.2.6-fn1	fallback	verse_end	no_high_confidence_immediate_alignment	Jeconías es una variante de Joaquín; véase 2 Reyes 24:12.
Esth.2.14	Esth.2.14-fn1	fallback	verse_end	no_high_confidence_immediate_alignment	O a otra parte del harén
Esth.2.16	Esth.2.16-fn1	fallback	verse_end	no_high_confidence_immediate_alignment	Tebet es el décimo mes del calendario lunar hebreo, que generalmente ocurría dentro de los meses de diciembre y enero.
Esth.2.21	Esth.2.21-fn1	fallback	verse_end	no_high_confidence_immediate_alignment	Bigtán es una variante de Bigtana; véase Ester 6:2.
Esth.2.23	Esth.2.23-fn1	fallback	verse_end	no_high_confidence_immediate_alignment	O el Libro de los Anales o el Libro de los Acontecimientos Históricos
Esth.3.6	Esth.3.6-fn1	fallback	verse_end	source_anchor_word_not_semantically_specific	Hebreo lo menospreció en sus ojos
Esth.3.7	Esth.3.7-fn1	fallback	verse_end	no_high_confidence_immediate_alignment	Nisán es el primer mes del calendario lunar hebreo, que generalmente ocurría dentro de los meses de marzo y abril.
Esth.5.14	Esth.5.14-fn1	fallback	verse_end	no_high_confidence_immediate_alignment	50 codos equivalen aproximadamente a 22.9 metros de alto.
Esth.6.1	Esth.6.1-fn1	fallback	verse_end	no_high_confidence_immediate_alignment	O el Libro de Memorias, los Anales o el Libro de Registros de Acontecimientos Históricos
Esth.6.2	Esth.6.2-fn1	fallback	verse_end	no_high_confidence_immediate_alignment	Bigtana es una variante de Bigtán; véase Ester 2:21.
Esth.7.5	Esth.7.5-fn1	fallback	verse_end	no_high_confidence_immediate_alignment	Hebreo cuyo corazón lo ha llenado para hacer
Esth.8.9	Esth.8.9-fn1	fallback	verse_end	no_high_confidence_immediate_alignment	Siván es el tercer mes del calendario lunar hebreo, que generalmente ocurría dentro de los meses de mayo y junio.
Esth.8.9	Esth.8.9-fn2	fallback	verse_end	no_high_confidence_immediate_alignment	Es decir, hasta la región del Alto Nilo
Job.1.6	Job.1.6-fn1	fallback	verse_end	no_high_confidence_immediate_alignment	Es decir, el Acusador o el Adversario; aquí y en todo Job 1
Job.2.1	Job.2.1-fn1	fallback	verse_end	no_high_confidence_immediate_alignment	Es decir, el Acusador o el Adversario; aquí y en todo Job 2
Job.2.9	Job.2.9-fn1	fallback	verse_end	no_high_confidence_immediate_alignment	O Bendice
Job.5.13	Job.5.13-fn1	fallback	verse_end	no_high_confidence_immediate_alignment	Citado en 1 Corintios 3:19
Job.9.3	Job.9.3-fn1	fallback	verse_end	no_high_confidence_immediate_alignment	O Si Dios quisiera contender con alguien
Job.9.7	Job.9.7-fn1	fallback	verse_end	no_high_confidence_immediate_alignment	O levantarse
Job.9.12	Job.9.12-fn1	fallback	verse_end	no_high_confidence_immediate_alignment	O arrebata a alguien en la muerte
Job.10.12	Job.10.12-fn1	fallback	verse_end	no_high_confidence_immediate_alignment	Las formas del hebreo chesed se traducen aquí y en la mayoría de los casos en las Escrituras como amor leal; el rango de significado incluye amor, bondad, misericordia y fidelidad, así como lealtad a un pacto.
Job.13.14	Job.13.14-fn1	fallback	verse_end	no_high_confidence_immediate_alignment	Literalmente ¿Por qué tomo mi carne en mis dientes
Job.13.15	Job.13.15-fn1	fallback	verse_end	no_high_confidence_immediate_alignment	O No tengo otra esperanza
Job.14.14	Job.14.14-fn1	fallback	verse_end	no_high_confidence_immediate_alignment	O mi cambio o mi relevo
Job.19.27	Job.19.27-fn1	fallback	verse_end	no_high_confidence_immediate_alignment	Hebreo mis riñones añoran
Job.20.25	Job.20.25-fn1	fallback	verse_end	no_high_confidence_immediate_alignment	Literalmente de su hiel
Job.21.24	Job.21.24-fn1	fallback	verse_end	no_high_confidence_immediate_alignment	Literalmente Sus baldes están llenos de leche
Job.26.6	Job.26.6-fn1	fallback	verse_end	no_high_confidence_immediate_alignment	Abadón significa Destrucción.
Job.26.9	Job.26.9-fn1	fallback	verse_end	no_high_confidence_immediate_alignment	O de Su trono
Job.26.12	Job.26.12-fn1	fallback	verse_end	no_high_confidence_immediate_alignment	O aquietó
Job.28.11	Job.28.11-fn1	fallback	verse_end	source_anchor_word_not_semantically_specific	Hebreo; LXX y Vulgata Él busca
Job.28.19	Job.28.19-fn1	fallback	verse_end	no_high_confidence_immediate_alignment	Es decir, la región del Alto Nilo
Job.28.22	Job.28.22-fn1	fallback	verse_end	no_high_confidence_immediate_alignment	Abadón significa Destrucción.
Job.29.4	Job.29.4-fn1	fallback	verse_end	no_high_confidence_immediate_alignment	Hebreo en el tiempo de mi cosecha
Job.30.11	Job.30.11-fn1	fallback	verse_end	no_high_confidence_immediate_alignment	Hebreo el freno
Job.30.18	Job.30.18-fn1	fallback	verse_end	no_high_confidence_immediate_alignment	LXX; hebreo Él se vuelve como una vestidura para mí o mi vestidura está desfigurada
Job.30.22	Job.30.22-fn1	fallback	verse_end	source_anchor_word_not_semantically_specific	O Tú me disuelves
Job.30.29	Job.30.29-fn1	fallback	verse_end	no_high_confidence_immediate_alignment	O serpientes o dragones
Job.31.12	Job.31.12-fn1	fallback	verse_end	no_high_confidence_immediate_alignment	Abadón significa Destrucción.
Job.31.20	Job.31.20-fn1	fallback	verse_end	no_high_confidence_immediate_alignment	Hebreo si sus lomos no me han bendecido
Job.31.33	Job.31.33-fn1	fallback	verse_end	no_high_confidence_immediate_alignment	O como hombres
Job.32.9	Job.32.9-fn1	fallback	verse_end	no_high_confidence_immediate_alignment	O muchos o grandes
Job.33.27	Job.33.27-fn1	fallback	verse_end	no_high_confidence_immediate_alignment	O Entonces él mira
Job.36.19	Job.36.19-fn1	fallback	verse_end	no_high_confidence_immediate_alignment	O tu clamor de ayuda
Job.36.31	Job.36.31-fn1	fallback	verse_end	no_high_confidence_immediate_alignment	O gobierna o nutre
Job.38.3	Job.38.3-fn1	fallback	verse_end	no_high_confidence_immediate_alignment	Hebreo ciñe tus lomos
Job.38.32	Job.38.32-fn1	fallback	verse_end	no_high_confidence_immediate_alignment	O sacar a Mazzarot en su estación
Job.38.32	Job.38.32-fn2	fallback	verse_end	no_high_confidence_immediate_alignment	O Leo o Arturo
Job.38.36	Job.38.36-fn1	fallback	verse_end	no_high_confidence_immediate_alignment	O Quién le ha dado al ibis sabiduría, es decir, sabiduría sobre la inundación del Nilo
Job.39.13	Job.39.13-fn1	fallback	verse_end	no_high_confidence_immediate_alignment	Las plumas de vuelo son las partes externas de las alas de un ave, incluida la pluma.
Job.39.25	Job.39.25-fn1	fallback	verse_end	no_high_confidence_immediate_alignment	O resopla, ‘¡Ajá!’
Job.40.7	Job.40.7-fn1	fallback	verse_end	no_high_confidence_immediate_alignment	Hebreo ciñe tus lomos
Job.40.19	Job.40.19-fn1	fallback	verse_end	no_high_confidence_immediate_alignment	Hebreo caminos
Job.40.21	Job.40.21-fn1	fallback	verse_end	no_high_confidence_immediate_alignment	O arbustos espinosos; también en el versículo 22
Job.41.11	Job.41.11-fn1	fallback	verse_end	no_high_confidence_immediate_alignment	Citado en Romanos 11:35
Job.42.3	Job.42.3-fn1	fallback	verse_end	no_high_confidence_immediate_alignment	Job 38:2
Job.42.11	Job.42.11-fn1	fallback	verse_end	no_high_confidence_immediate_alignment	Hebreo una kesitah; el valor o peso de la kesitah ya no se conoce.
Ps.2.1	Ps.2.1-fn1	fallback	verse_end	no_high_confidence_immediate_alignment	O se reúnen ruidosamente; véase Apocalipsis 11:18.
Ps.2.9	Ps.2.9-fn1	fallback	verse_end	source_anchor_word_not_semantically_specific	LXX Los regirás o Los pastorearás
Ps.4.2	Ps.4.2-fn1	fallback	verse_end	no_high_confidence_immediate_alignment	O dioses falsos
Ps.4.4	Ps.4.4-fn1	fallback	verse_end	no_high_confidence_immediate_alignment	O En tu ira no peques o Tiembla y no peques; citado en Efesios 4:26
Ps.5.7	Ps.5.7-fn1	fallback	verse_end	no_high_confidence_immediate_alignment	Las formas del hebreo chesed se traducen aquí y en la mayoría de los casos en las Escrituras como amor leal; el rango de significado incluye amor, bondad, misericordia y fidelidad, así como lealtad a un pacto.
Ps.6.0	Ps.6.0-fn1	unavailable	superscription_unavailable	rv1909_json_has_no_superscription_text	Seminites es probablemente un término musical; aquí y en 1 Crónicas 15:21 y Salmos 12:1.
Ps.7.0	Ps.7.0-fn1	unavailable	superscription_unavailable	rv1909_json_has_no_superscription_text	Sigaión es probablemente un término musical o litúrgico.
Ps.7.4	Ps.7.4-fn1	fallback	verse_end	no_high_confidence_immediate_alignment	Hebreo el que está en paz conmigo
Ps.8.0	Ps.8.0-fn1	unavailable	superscription_unavailable	rv1909_json_has_no_superscription_text	Gittit es probablemente un término musical o litúrgico; aquí y en los Salmos 81 y 84.
Ps.8.2	Ps.8.2-fn1	fallback	verse_end	no_high_confidence_immediate_alignment	Literalmente Has ordenado fuerza; LXX Has preparado alabanza; citado en Mateo 21:16
Ps.9.0	Ps.9.0-fn1	unavailable	superscription_unavailable	rv1909_json_has_no_superscription_text	Los Salmos 9 y 10 juntos siguen un patrón acróstico, cada estrofa comienza con las letras sucesivas del alfabeto hebreo. En la LXX forman un solo salmo.
Ps.10.7	Ps.10.7-fn1	fallback	verse_end	no_high_confidence_immediate_alignment	LXX amargura; citado en Romanos 3:14
Ps.10.10	Ps.10.10-fn1	fallback	verse_end	source_anchor_word_not_semantically_specific	O Se agacha y se acuesta
Ps.12.0	Ps.12.0-fn1	unavailable	superscription_unavailable	rv1909_json_has_no_superscription_text	Seminites es probablemente un término musical; aquí y en 1 Crónicas 15:21 y Salmos 6:1.
Ps.14.1	Ps.14.1-fn1	fallback	verse_end	no_high_confidence_immediate_alignment	Las palabras hebreas traducidas como necio en los Salmos denotan a uno que es moralmente deficiente.
Ps.14.3	Ps.14.3-fn1	fallback	verse_end	no_high_confidence_immediate_alignment	LXX inútil
Ps.16.0	Ps.16.0-fn1	unavailable	superscription_unavailable	rv1909_json_has_no_superscription_text	Miktam es probablemente un término musical o litúrgico; usado para los Salmos 16 y 56–60.
Ps.16.8	Ps.16.8-fn1	fallback	verse_end	no_high_confidence_immediate_alignment	LXX Preví
Ps.16.11	Ps.16.11-fn1	fallback	verse_end	no_high_confidence_immediate_alignment	Citado en Hechos 2:25–28
Ps.17.8	Ps.17.8-fn1	fallback	verse_end	source_anchor_word_not_semantically_specific	Literalmente como la pupila, la hija de
Ps.17.14	Ps.17.14-fn1	fallback	verse_end	no_high_confidence_immediate_alignment	O Que lo que has guardado para los impíos llene sus vientres
Ps.18.42	Ps.18.42-fn1	fallback	verse_end	source_anchor_word_not_semantically_specific	Algunos manuscritos hebreos, LXX y Siríaco (véase también 2 Samuel 22:43); TM los derramé
Ps.19.4	Ps.19.4-fn1	fallback	verse_end	no_high_confidence_immediate_alignment	LXX, Siríaco y Vulgata; hebreo su línea de medición
Ps.20.9	Ps.20.9-fn1	fallback	verse_end	no_high_confidence_immediate_alignment	O da la victoria a
Ps.22.15	Ps.22.15-fn1	fallback	verse_end	no_high_confidence_immediate_alignment	TM; o Mi boca, una posible lectura del texto hebreo original
Ps.24.1	Ps.24.1-fn1	fallback	verse_end	no_high_confidence_immediate_alignment	Citado en 1 Corintios 10:26
Ps.24.4	Ps.24.4-fn1	fallback	verse_end	no_high_confidence_immediate_alignment	O a la falsedad o a la vanidad
Ps.25.0	Ps.25.0-fn1	unavailable	superscription_unavailable	rv1909_json_has_no_superscription_text	Este salmo es un poema acróstico, cada versículo comienza con las letras sucesivas del alfabeto hebreo.
Ps.29.1	Ps.29.1-fn1	fallback	verse_end	no_high_confidence_immediate_alignment	O hijos de Dios o hijos del poder
Ps.29.6	Ps.29.6-fn1	fallback	verse_end	no_high_confidence_immediate_alignment	Es decir, el Monte Hermón
Ps.29.9	Ps.29.9-fn1	fallback	verse_end	no_high_confidence_immediate_alignment	O SEÑOR hace parir a las ciervas
Ps.30.9	Ps.30.9-fn1	fallback	verse_end	no_high_confidence_immediate_alignment	O en mi destrucción
Ps.30.9	Ps.30.9-fn2	fallback	verse_end	no_high_confidence_immediate_alignment	O a la corrupción
Ps.31.6	Ps.31.6-fn1	fallback	verse_end	no_high_confidence_immediate_alignment	TM; un manuscrito hebreo, LXX y Siríaco Tú odias
Ps.32.0	Ps.32.0-fn1	unavailable	superscription_unavailable	rv1909_json_has_no_superscription_text	Masquil es probablemente un término musical o litúrgico; usado para los Salmos 32, 42, 44–45, 52–55, 74, 78, 88–89 y 142.
Ps.32.2	Ps.32.2-fn1	fallback	verse_end	no_high_confidence_immediate_alignment	LXX Bienaventurado el hombre a quien el SEÑOR no atribuye pecado; citado en Romanos 4:8
Ps.32.4	Ps.32.4-fn1	fallback	verse_end	no_high_confidence_immediate_alignment	O mi vitalidad se volvió
Ps.34.0	Ps.34.0-fn1	unavailable	superscription_unavailable	rv1909_json_has_no_superscription_text	Abimelec es otro nombre para Aquis; véase 1 Samuel 21–29 y 1 Reyes 2:39.
Ps.34.0	Ps.34.0-fn2	unavailable	superscription_unavailable	rv1909_json_has_no_superscription_text	Este salmo es un poema acróstico, cada versículo comienza con las letras sucesivas del alfabeto hebreo.
Ps.35.3	Ps.35.3-fn1	fallback	verse_end	no_high_confidence_immediate_alignment	O y cierra el camino
Ps.35.16	Ps.35.16-fn1	fallback	verse_end	no_high_confidence_immediate_alignment	O Como un círculo impío de burladores,
Ps.37.0	Ps.37.0-fn1	unavailable	superscription_unavailable	rv1909_json_has_no_superscription_text	Este salmo es un poema acróstico, cada estrofa comienza con las letras sucesivas del alfabeto hebreo.
Ps.38.19	Ps.38.19-fn1	fallback	verse_end	no_high_confidence_immediate_alignment	Un manuscrito DSS; TM Mis enemigos son vigorosos y fuertes
Ps.40.6	Ps.40.6-fn1	fallback	verse_end	no_high_confidence_immediate_alignment	Hebreo; algunos manuscritos LXX pero un cuerpo Tú me preparaste
Ps.40.8	Ps.40.8-fn1	fallback	verse_end	no_high_confidence_immediate_alignment	Citado en Hebreos 10:5–7
Ps.42.0	Ps.42.0-fn1	unavailable	superscription_unavailable	rv1909_json_has_no_superscription_text	En muchos manuscritos hebreos, los Salmos 42 y 43 constituyen un solo salmo. Masquil es probablemente un término musical o litúrgico; usado para los Salmos 32, 42, 44–45, 52–55, 74, 78, 88–89 y 142.
Ps.44.0	Ps.44.0-fn1	unavailable	superscription_unavailable	rv1909_json_has_no_superscription_text	Masquil es probablemente un término musical o litúrgico; usado para los Salmos 32, 42, 44–45, 52–55, 74, 78, 88–89 y 142.
Ps.44.14	Ps.44.14-fn1	fallback	verse_end	no_high_confidence_immediate_alignment	Literalmente un movimiento de cabeza
Ps.44.19	Ps.44.19-fn1	fallback	verse_end	no_high_confidence_immediate_alignment	O serpientes o dragones
Ps.45.0	Ps.45.0-fn1	unavailable	superscription_unavailable	rv1909_json_has_no_superscription_text	Masquil es probablemente un término musical o litúrgico; usado para los Salmos 32, 42, 44–45, 52–55, 74, 78, 88–89 y 142.
Ps.46.0	Ps.46.0-fn1	unavailable	superscription_unavailable	rv1909_json_has_no_superscription_text	Alamot es probablemente un término musical o litúrgico; aquí y en 1 Crónicas 15:20.
Ps.46.9	Ps.46.9-fn1	fallback	verse_end	no_high_confidence_immediate_alignment	O carros
Ps.48.2	Ps.48.2-fn1	fallback	verse_end	no_high_confidence_immediate_alignment	O en el norte lejano; la montaña más sagrada de los cananeos era Zafón
Ps.48.11	Ps.48.11-fn1	fallback	verse_end	no_high_confidence_immediate_alignment	O las aldeas
Ps.49.11	Ps.49.11-fn1	fallback	verse_end	no_high_confidence_immediate_alignment	LXX, Siríaco y Targum Arameo; hebreo Sus pensamientos interiores
Ps.49.13	Ps.49.13-fn1	fallback	verse_end	no_high_confidence_immediate_alignment	O el camino de los necios
Ps.50.6	Ps.50.6-fn1	fallback	verse_end	no_high_confidence_immediate_alignment	O Él es un Dios de justicia
Ps.50.21	Ps.50.21-fn1	fallback	verse_end	source_anchor_word_not_semantically_specific	O pensaste que el ‘YO SOY’ era
Ps.51.1	Ps.51.1-fn1	fallback	verse_end	no_high_confidence_immediate_alignment	O Ten misericordia de mí
Ps.52.0	Ps.52.0-fn1	unavailable	superscription_unavailable	rv1909_json_has_no_superscription_text	Masquil es probablemente un término musical o litúrgico; usado para los Salmos 32, 42, 44–45, 52–55, 74, 78, 88–89 y 142.
Ps.53.0	Ps.53.0-fn1	unavailable	superscription_unavailable	rv1909_json_has_no_superscription_text	Mahalat es probablemente un término musical o litúrgico; véase también Salmos 88:1.
Ps.53.0	Ps.53.0-fn2	unavailable	superscription_unavailable	rv1909_json_has_no_superscription_text	Masquil es probablemente un término musical o litúrgico; usado para los Salmos 32, 42, 44–45, 52–55, 74, 78, 88–89 y 142.
Ps.53.3	Ps.53.3-fn1	fallback	verse_end	no_high_confidence_immediate_alignment	LXX inútil
Ps.54.0	Ps.54.0-fn1	unavailable	superscription_unavailable	rv1909_json_has_no_superscription_text	Masquil es probablemente un término musical o litúrgico; usado para los Salmos 32, 42, 44–45, 52–55, 74, 78, 88–89 y 142.
Ps.55.0	Ps.55.0-fn1	unavailable	superscription_unavailable	rv1909_json_has_no_superscription_text	Masquil es probablemente un término musical o litúrgico; usado para los Salmos 32, 42, 44–45, 52–55, 74, 78, 88–89 y 142.
Ps.56.0	Ps.56.0-fn1	unavailable	superscription_unavailable	rv1909_json_has_no_superscription_text	Miktam es probablemente un término musical o litúrgico; usado para los Salmos 16 y 56–60.
Ps.56.7	Ps.56.7-fn1	fallback	verse_end	no_high_confidence_immediate_alignment	O no los dejes escapar; TM no incluye no.
Ps.56.8	Ps.56.8-fn1	fallback	verse_end	no_high_confidence_immediate_alignment	O penas
Ps.57.0	Ps.57.0-fn1	unavailable	superscription_unavailable	rv1909_json_has_no_superscription_text	Miktam es probablemente un término musical o litúrgico; usado para los Salmos 16 y 56–60.
Ps.57.2	Ps.57.2-fn1	fallback	verse_end	no_high_confidence_immediate_alignment	Hebreo Elohim-Elyon
Ps.58.0	Ps.58.0-fn1	unavailable	superscription_unavailable	rv1909_json_has_no_superscription_text	Miktam es probablemente un término musical o litúrgico; usado para los Salmos 16 y 56–60.
Ps.59.0	Ps.59.0-fn1	unavailable	superscription_unavailable	rv1909_json_has_no_superscription_text	Miktam es probablemente un término musical o litúrgico; usado para los Salmos 16 y 56–60.
Ps.60.0	Ps.60.0-fn1	unavailable	superscription_unavailable	rv1909_json_has_no_superscription_text	Miktam es probablemente un término musical o litúrgico; usado para los Salmos 16 y 56–60.
Ps.60.0	Ps.60.0-fn2	unavailable	superscription_unavailable	rv1909_json_has_no_superscription_text	Es decir, Mesopotamia; Aram-naharaim significa Aram de los dos ríos, probablemente la región entre el Éufrates y el Balih en el noroeste de Mesopotamia.
Ps.60.0	Ps.60.0-fn3	unavailable	superscription_unavailable	rv1909_json_has_no_superscription_text	Es decir, la tierra al noreste de Damasco
Ps.60.4	Ps.60.4-fn1	fallback	verse_end	no_high_confidence_immediate_alignment	O para que sea mostrada a causa de la verdad
Ps.65.9	Ps.65.9-fn1	fallback	verse_end	source_anchor_word_not_semantically_specific	O y hazlo rebosar
Ps.68.4	Ps.68.4-fn1	fallback	verse_end	no_high_confidence_immediate_alignment	O cabalga por los desiertos
Ps.68.28	Ps.68.28-fn1	fallback	verse_end	no_high_confidence_immediate_alignment	LXX y Siríaco; la mayoría de los manuscritos hebreos Tu Dios ha convocado tu poder
Ps.69.4	Ps.69.4-fn1	fallback	verse_end	no_high_confidence_immediate_alignment	Véase Juan 15:25
Ps.69.9	Ps.69.9-fn1	fallback	verse_end	no_high_confidence_immediate_alignment	Citado en Juan 2:17
Ps.72.5	Ps.72.5-fn1	fallback	verse_end	no_high_confidence_immediate_alignment	LXX Él perdurará
Ps.72.17	Ps.72.17-fn1	fallback	verse_end	no_high_confidence_immediate_alignment	O aumentar
Ps.73.7	Ps.73.7-fn1	fallback	verse_end	no_high_confidence_immediate_alignment	Literalmente Su ojo sobresale de gordura; Siríaco De su corazón insensible procede la iniquidad
Ps.73.26	Ps.73.26-fn1	fallback	verse_end	no_high_confidence_immediate_alignment	Hebreo roca
Ps.74.0	Ps.74.0-fn1	unavailable	superscription_unavailable	rv1909_json_has_no_superscription_text	Masquil es probablemente un término musical o litúrgico; usado para los Salmos 32, 42, 44–45, 52–55, 74, 78, 88–89 y 142.
Ps.75.9	Ps.75.9-fn1	fallback	verse_end	no_high_confidence_immediate_alignment	O proclamarlo
Ps.76.2	Ps.76.2-fn1	fallback	verse_end	no_high_confidence_immediate_alignment	Es decir, Jerusalén
Ps.78.0	Ps.78.0-fn1	unavailable	superscription_unavailable	rv1909_json_has_no_superscription_text	Masquil es probablemente un término musical o litúrgico; usado para los Salmos 32, 42, 44–45, 52–55, 74, 78, 88–89 y 142.
Ps.78.33	Ps.78.33-fn1	fallback	verse_end	no_high_confidence_immediate_alignment	O en vapor
Ps.78.35	Ps.78.35-fn1	fallback	verse_end	no_high_confidence_immediate_alignment	Hebreo El-Elyon
Ps.78.42	Ps.78.42-fn1	fallback	verse_end	no_high_confidence_immediate_alignment	O Su mano
Ps.81.0	Ps.81.0-fn1	unavailable	superscription_unavailable	rv1909_json_has_no_superscription_text	Gittit es probablemente un término musical o litúrgico; aquí y en los Salmos 8 y 84.
Ps.81.7	Ps.81.7-fn1	fallback	verse_end	no_high_confidence_immediate_alignment	Meriba significa rencilla; véase Éxodo 17:7.
Ps.82.2	Ps.82.2-fn1	fallback	verse_end	no_high_confidence_immediate_alignment	O ¿Hasta cuándo defenderán al injusto
Ps.83.1	Ps.83.1-fn1	fallback	verse_end	no_high_confidence_immediate_alignment	O sordo
Ps.84.0	Ps.84.0-fn1	unavailable	superscription_unavailable	rv1909_json_has_no_superscription_text	Gittit es probablemente un término musical o litúrgico; aquí y en los Salmos 8 y 81.
Ps.84.6	Ps.84.6-fn1	fallback	verse_end	no_high_confidence_immediate_alignment	O Valle de los Álamos
Ps.88.0	Ps.88.0-fn1	unavailable	superscription_unavailable	rv1909_json_has_no_superscription_text	Mahalat Leannot es probablemente un término musical o litúrgico; véase también Salmos 53:1.
Ps.88.0	Ps.88.0-fn2	unavailable	superscription_unavailable	rv1909_json_has_no_superscription_text	Masquil es probablemente un término musical o litúrgico; usado para los Salmos 32, 42, 44–45, 52–55, 74, 78, 88–89 y 142.
Ps.89.0	Ps.89.0-fn1	unavailable	superscription_unavailable	rv1909_json_has_no_superscription_text	Masquil es probablemente un término musical o litúrgico; usado para los Salmos 32, 42, 44–45, 52–55, 74, 78, 88–89 y 142.
Ps.89.6	Ps.89.6-fn1	fallback	verse_end	no_high_confidence_immediate_alignment	O los hijos de Dios o los hijos del poder
Ps.90.4	Ps.90.4-fn1	fallback	verse_end	no_high_confidence_immediate_alignment	Véase 2 Pedro 3:8.
Ps.90.17	Ps.90.17-fn1	fallback	verse_end	no_high_confidence_immediate_alignment	O belleza
Ps.95.8	Ps.95.8-fn1	fallback	verse_end	no_high_confidence_immediate_alignment	LXX como en la rebelión; Meriba significa rencilla; véase Éxodo 17:7; citado en Hebreos 3:15 y Hebreos 4:7.
Ps.95.10	Ps.95.10-fn1	fallback	verse_end	no_high_confidence_immediate_alignment	LXX Ellos siempre se desvían en el corazón
Ps.97.11	Ps.97.11-fn1	fallback	verse_end	no_high_confidence_immediate_alignment	Un manuscrito hebreo, LXX, Siríaco y Vulgata; la mayoría de los manuscritos hebreos La luz es sembrada
Ps.100.3	Ps.100.3-fn1	fallback	verse_end	source_anchor_word_not_semantically_specific	O y no nosotros mismos
Ps.105.16	Ps.105.16-fn1	fallback	verse_end	no_high_confidence_immediate_alignment	Hebreo vara
Ps.105.22	Ps.105.22-fn1	fallback	verse_end	no_high_confidence_immediate_alignment	LXX y Siríaco; TM para atar
Ps.106.19	Ps.106.19-fn1	fallback	verse_end	no_high_confidence_immediate_alignment	Es decir, el Monte Sinaí, o posiblemente una montaña en la cordillera que contiene el Monte Sinaí
Ps.106.27	Ps.106.27-fn1	fallback	verse_end	no_high_confidence_immediate_alignment	O derribar o hacer caer
Ps.106.32	Ps.106.32-fn1	fallback	verse_end	no_high_confidence_immediate_alignment	Meriba significa rencilla; véase Éxodo 17:7.
Ps.107.29	Ps.107.29-fn1	fallback	verse_end	no_high_confidence_immediate_alignment	DSS; TM sus olas
Ps.109.10	Ps.109.10-fn1	fallback	verse_end	no_high_confidence_immediate_alignment	Hebreo; LXX que sean expulsados
Ps.111.1	Ps.111.1-fn1	fallback	verse_end	no_high_confidence_immediate_alignment	O Aleluya, que significa Alabad al SEÑOR. Este salmo es un poema acróstico, cada línea comienza con las letras sucesivas del alfabeto hebreo.
Ps.112.1	Ps.112.1-fn1	fallback	verse_end	no_high_confidence_immediate_alignment	O Aleluya, que significa Alabad al SEÑOR. Este salmo es un poema acróstico, cada línea comienza con las letras sucesivas del alfabeto hebreo.
Ps.113.1	Ps.113.1-fn1	fallback	verse_end	no_high_confidence_immediate_alignment	O Aleluya, que significa Alabad al SEÑOR; también en el versículo 9
Ps.116.10	Ps.116.10-fn1	fallback	verse_end	no_high_confidence_immediate_alignment	LXX por eso he hablado; citado en 2 Corintios 4:13
Ps.118.6	Ps.118.6-fn1	fallback	verse_end	no_high_confidence_immediate_alignment	O El SEÑOR está conmigo; también en el versículo 7; LXX El Señor es mi ayudador
Ps.118.25	Ps.118.25-fn1	fallback	verse_end	no_high_confidence_immediate_alignment	Hebreo hosia-na, que significa salva, te rogamos o salva ahora; véase Mateo 21:9, Mateo 21:15, Marcos 11:9 y Juan 12:13.
Ps.119.1	Ps.119.1-fn1	fallback	verse_end	no_high_confidence_immediate_alignment	Este salmo es un poema acróstico de veintidós estrofas, siguiendo las letras del alfabeto hebreo; dentro de una estrofa, cada versículo comienza con la misma letra hebrea.
Ps.119.70	Ps.119.70-fn1	fallback	verse_end	no_high_confidence_immediate_alignment	O grasa
Ps.119.84	Ps.119.84-fn1	fallback	verse_end	no_high_confidence_immediate_alignment	O ¿Cuántos son los días de Tu siervo?
Ps.119.91	Ps.119.91-fn1	fallback	verse_end	no_high_confidence_immediate_alignment	O Ellos permanecen hoy según Tus ordenanzas
Ps.122.7	Ps.122.7-fn1	fallback	verse_end	no_high_confidence_immediate_alignment	O seguridad
Ps.126.4	Ps.126.4-fn1	fallback	verse_end	no_high_confidence_immediate_alignment	O Restaura nuestra prosperidad
Ps.132.6	Ps.132.6-fn1	fallback	verse_end	no_high_confidence_immediate_alignment	Literalmente He aquí, oímos de ella en Efrata
Ps.135.1	Ps.135.1-fn1	fallback	verse_end	no_high_confidence_immediate_alignment	O Aleluya, que significa Alabad al SEÑOR; también en los versículos 3 y 21
Ps.136.15	Ps.136.15-fn1	fallback	verse_end	no_high_confidence_immediate_alignment	Hebreo sacudió
Ps.137.2	Ps.137.2-fn1	fallback	verse_end	no_high_confidence_immediate_alignment	O álamos
Ps.139.13	Ps.139.13-fn1	fallback	verse_end	source_anchor_word_not_semantically_specific	Hebreo mis riñones
Ps.142.0	Ps.142.0-fn1	unavailable	superscription_unavailable	rv1909_json_has_no_superscription_text	Masquil es probablemente un término musical o litúrgico; usado para los Salmos 32, 42, 44–45, 52–55, 74, 78, 88–89 y 142.
Ps.144.2	Ps.144.2-fn1	fallback	verse_end	no_high_confidence_immediate_alignment	Muchos manuscritos hebreos, DSS, Siríaco; la mayoría de los manuscritos hebreos somete a mi pueblo
Ps.144.14	Ps.144.14-fn1	fallback	verse_end	no_high_confidence_immediate_alignment	O Nuestros jefes estarán firmemente establecidos
Ps.145.0	Ps.145.0-fn1	unavailable	superscription_unavailable	rv1909_json_has_no_superscription_text	Este salmo es un poema acróstico, cada versículo comienza con las letras sucesivas del alfabeto hebreo.
Ps.146.1	Ps.146.1-fn1	fallback	verse_end	no_high_confidence_immediate_alignment	O Aleluya, que significa Alabad al SEÑOR; también en el versículo 10
Ps.147.1	Ps.147.1-fn1	fallback	verse_end	no_high_confidence_immediate_alignment	O Aleluya, que significa Alabad al SEÑOR; también en el versículo 20
Ps.147.17	Ps.147.17-fn1	fallback	verse_end	no_high_confidence_immediate_alignment	O como migajas o como bocados
Ps.148.1	Ps.148.1-fn1	fallback	verse_end	no_high_confidence_immediate_alignment	O Aleluya, que significa Alabad al SEÑOR; también en el versículo 14
Ps.149.1	Ps.149.1-fn1	fallback	verse_end	no_high_confidence_immediate_alignment	O Aleluya, que significa Alabad al SEÑOR; también en el versículo 9
Ps.150.1	Ps.150.1-fn1	fallback	verse_end	no_high_confidence_immediate_alignment	O Aleluya, que significa Alabad al SEÑOR; también en el versículo 6
Prov.1.4	Prov.1.4-fn1	fallback	verse_end	no_high_confidence_immediate_alignment	La palabra hebrea traducida como simple en Proverbios se refiere a uno que es ingenuo, sin dirección moral o inclinado al mal.
Prov.1.7	Prov.1.7-fn1	fallback	verse_end	no_high_confidence_immediate_alignment	Las palabras hebreas traducidas como necio en Proverbios denotan a uno que es moralmente deficiente.
Prov.1.21	Prov.1.21-fn1	fallback	verse_end	no_high_confidence_immediate_alignment	O desde lo alto del muro
Prov.2.16	Prov.2.16-fn1	fallback	verse_end	no_high_confidence_immediate_alignment	O esposa descarriada
Prov.2.16	Prov.2.16-fn2	fallback	verse_end	no_high_confidence_immediate_alignment	O adúltera
Prov.3.8	Prov.3.8-fn1	fallback	verse_end	no_high_confidence_immediate_alignment	Hebreo ombligo
Prov.3.8	Prov.3.8-fn2	fallback	verse_end	no_high_confidence_immediate_alignment	O medicina
Prov.3.27	Prov.3.27-fn1	fallback	verse_end	no_high_confidence_immediate_alignment	O de sus dueños
Prov.4.7	Prov.4.7-fn1	fallback	verse_end	no_high_confidence_immediate_alignment	O Y cualquier otra cosa que adquieras
Prov.5.3	Prov.5.3-fn1	fallback	verse_end	no_high_confidence_immediate_alignment	O la adúltera
Prov.5.3	Prov.5.3-fn2	fallback	verse_end	no_high_confidence_immediate_alignment	O su paladar
Prov.5.19	Prov.5.19-fn1	fallback	verse_end	no_high_confidence_immediate_alignment	O ser extraviado; también en el versículo 20
Prov.5.21	Prov.5.21-fn1	fallback	verse_end	no_high_confidence_immediate_alignment	O pondera o nivela
Prov.6.3	Prov.6.3-fn1	fallback	verse_end	no_high_confidence_immediate_alignment	O date prisa
Prov.6.5	Prov.6.5-fn1	fallback	verse_end	no_high_confidence_immediate_alignment	Hebreo no incluye del cazador.
Prov.6.26	Prov.6.26-fn1	fallback	verse_end	no_high_confidence_immediate_alignment	Literalmente un mendrugo de pan
Prov.7.2	Prov.7.2-fn1	fallback	verse_end	no_high_confidence_immediate_alignment	Literalmente la pupila
Prov.8.22	Prov.8.22-fn1	fallback	verse_end	no_high_confidence_immediate_alignment	O El SEÑOR me poseyó al principio de Su camino
Prov.8.30	Prov.8.30-fn1	fallback	verse_end	no_high_confidence_immediate_alignment	O lleno de Su deleite
Prov.9.1	Prov.9.1-fn1	fallback	verse_end	source_anchor_word_not_semantically_specific	Hebreo; LXX, Siríaco y Targum Arameo ha establecido
Prov.9.11	Prov.9.11-fn1	fallback	verse_end	no_high_confidence_immediate_alignment	LXX, Siríaco y Targum Arameo; hebreo a través de mí
Prov.13.14	Prov.13.14-fn1	fallback	verse_end	no_high_confidence_immediate_alignment	O ley
Prov.14.16	Prov.14.16-fn1	fallback	verse_end	no_high_confidence_immediate_alignment	O teme al SEÑOR
Prov.14.22	Prov.14.22-fn1	fallback	verse_end	no_high_confidence_immediate_alignment	O mostrar
Prov.15.11	Prov.15.11-fn1	fallback	verse_end	no_high_confidence_immediate_alignment	O Muerte y Destrucción
Prov.16.20	Prov.16.20-fn1	fallback	verse_end	no_high_confidence_immediate_alignment	O Quien habla con prudencia hallará el bien
Prov.16.27	Prov.16.27-fn1	fallback	verse_end	no_high_confidence_immediate_alignment	O y lo que está en sus labios
Prov.17.1	Prov.17.1-fn1	fallback	verse_end	no_high_confidence_immediate_alignment	O sacrificios
Prov.17.23	Prov.17.23-fn1	fallback	verse_end	no_high_confidence_immediate_alignment	Hebreo un soborno del seno
Prov.18.5	Prov.18.5-fn1	fallback	verse_end	no_high_confidence_immediate_alignment	Hebreo Levantar el rostro
Prov.18.10	Prov.18.10-fn1	fallback	verse_end	source_anchor_word_not_semantically_specific	O a Él
Prov.20.10	Prov.20.10-fn1	fallback	verse_end	no_high_confidence_immediate_alignment	Hebreo Una piedra y una piedra, un efa y un efa
Prov.20.19	Prov.20.19-fn1	fallback	verse_end	no_high_confidence_immediate_alignment	O el que es simple
Prov.20.27	Prov.20.27-fn1	fallback	verse_end	no_high_confidence_immediate_alignment	O aliento o habla
Prov.21.12	Prov.21.12-fn1	fallback	verse_end	no_high_confidence_immediate_alignment	O El justo
Prov.21.14	Prov.21.14-fn1	fallback	verse_end	no_high_confidence_immediate_alignment	Hebreo un soborno en el seno
Prov.22.9	Prov.22.9-fn1	fallback	verse_end	no_high_confidence_immediate_alignment	Literalmente Aquel cuyo ojo es bueno
Prov.22.20	Prov.22.20-fn1	fallback	verse_end	no_high_confidence_immediate_alignment	O escrito para ti excelentes dichos o escrito para ti tres veces
Prov.23.7	Prov.23.7-fn1	fallback	verse_end	no_high_confidence_immediate_alignment	O porque como calcula en su alma, así es él
Prov.23.16	Prov.23.16-fn1	fallback	verse_end	source_anchor_word_not_semantically_specific	Hebreo Mis riñones
Prov.23.27	Prov.23.27-fn1	fallback	verse_end	no_high_confidence_immediate_alignment	O una mujer extraña o una esposa descarriada
Prov.24.5	Prov.24.5-fn1	fallback	verse_end	no_high_confidence_immediate_alignment	LXX Los sabios son más poderosos que los fuertes
Prov.25.7	Prov.25.7-fn1	fallback	verse_end	source_anchor_word_not_semantically_specific	O Incluso el que
Prov.25.20	Prov.25.20-fn1	fallback	verse_end	no_high_confidence_immediate_alignment	O en soda
Prov.26.11	Prov.26.11-fn1	fallback	verse_end	no_high_confidence_immediate_alignment	Citado en 2 Pedro 2:22
Prov.26.23	Prov.26.23-fn1	fallback	verse_end	no_high_confidence_immediate_alignment	Hebreo; LXX liso
Prov.27.20	Prov.27.20-fn1	fallback	verse_end	no_high_confidence_immediate_alignment	O Muerte y Destrucción
Prov.28.14	Prov.28.14-fn1	fallback	verse_end	no_high_confidence_immediate_alignment	O siempre teme al SEÑOR; hebreo no incluye al SEÑOR.
Prov.28.17	Prov.28.17-fn1	fallback	verse_end	no_high_confidence_immediate_alignment	O será fugitivo hasta la muerte
Prov.28.22	Prov.28.22-fn1	fallback	verse_end	no_high_confidence_immediate_alignment	Hebreo Un hombre cuyo ojo es malo
Prov.29.4	Prov.29.4-fn1	fallback	verse_end	no_high_confidence_immediate_alignment	O que cobra muchos impuestos o que acepta sobornos
Prov.30.26	Prov.30.26-fn1	fallback	verse_end	no_high_confidence_immediate_alignment	O los conejos o los damanes
Prov.31.2	Prov.31.2-fn1	fallback	verse_end	no_high_confidence_immediate_alignment	O Qué o Qué estás haciendo
Prov.31.17	Prov.31.17-fn1	fallback	verse_end	no_high_confidence_immediate_alignment	Hebreo Ella ciñe sus lomos
Eccl.1.1	Eccl.1.1-fn1	fallback	verse_end	no_high_confidence_immediate_alignment	O el Convocador o el Predicador o el líder de la asamblea; hebreo Qohelet se traduce como el Maestro en todo Eclesiastés.
Eccl.1.2	Eccl.1.2-fn1	fallback	verse_end	no_high_confidence_immediate_alignment	Literalmente vapor o aliento; las palabras hebreas traducidas en Eclesiastés como formas de vano o fugaz también pueden traducirse como vanidad o sin sentido.
Eccl.2.25	Eccl.2.25-fn1	fallback	verse_end	no_high_confidence_immediate_alignment	Algunos manuscritos hebreos, LXX, Siríaco; la mayoría de los manuscritos hebreos aparte de mí o más que yo
Eccl.3.19	Eccl.3.19-fn1	fallback	verse_end	no_high_confidence_immediate_alignment	O espíritu
Eccl.5.6	Eccl.5.6-fn1	fallback	verse_end	no_high_confidence_immediate_alignment	O ángel
Eccl.8.10	Eccl.8.10-fn1	fallback	verse_end	no_high_confidence_immediate_alignment	Algunos manuscritos hebreos, LXX y Vulgata; la mayoría de los manuscritos hebreos fueron pronto olvidados
Eccl.9.2	Eccl.9.2-fn1	fallback	verse_end	no_high_confidence_immediate_alignment	LXX, Siríaco y Vulgata; hebreo no incluye y el malo.
Eccl.9.9	Eccl.9.9-fn1	fallback	verse_end	no_high_confidence_immediate_alignment	O vano; dos veces en este versículo
Eccl.10.16	Eccl.10.16-fn1	fallback	verse_end	no_high_confidence_immediate_alignment	O un siervo
Eccl.11.5	Eccl.11.5-fn1	fallback	verse_end	no_high_confidence_immediate_alignment	O Como no sabes el camino del espíritu a los huesos
Song.2.1	Song.2.1-fn1	fallback	verse_end	no_high_confidence_immediate_alignment	La Llanura de Sarón es una región en la llanura costera de Israel
Song.2.12	Song.2.12-fn1	fallback	verse_end	no_high_confidence_immediate_alignment	O poda
Song.3.7	Song.3.7-fn1	fallback	verse_end	no_high_confidence_immediate_alignment	Es decir, la litera en la que los sirvientes llevan a un rey
Song.4.8	Song.4.8-fn1	fallback	verse_end	no_high_confidence_immediate_alignment	O Mira hacia abajo
Song.5.16	Song.5.16-fn1	fallback	verse_end	no_high_confidence_immediate_alignment	Hebreo paladar
Song.7.9	Song.7.9-fn1	fallback	verse_end	no_high_confidence_immediate_alignment	Hebreo paladar
Song.8.6	Song.8.6-fn1	fallback	verse_end	no_high_confidence_immediate_alignment	O pasión
Isa.1.9	Isa.1.9-fn1	fallback	verse_end	no_high_confidence_immediate_alignment	LXX nos había dejado descendientes
Isa.1.17	Isa.1.17-fn1	fallback	verse_end	no_high_confidence_immediate_alignment	O y animar al oprimido
Isa.3.1	Isa.3.1-fn1	fallback	verse_end	no_high_confidence_immediate_alignment	Hebreo vara
Isa.3.7	Isa.3.7-fn1	fallback	verse_end	no_high_confidence_immediate_alignment	O vendedor de vendas
Isa.5.10	Isa.5.10-fn1	fallback	verse_end	no_high_confidence_immediate_alignment	Literalmente diez yugadas de viña producirán un bato; es decir, el área que diez yugadas de bueyes pueden arar en un día producirá aproximadamente 22 litros de vino.
Isa.5.17	Isa.5.17-fn1	fallback	verse_end	no_high_confidence_immediate_alignment	LXX corderos
Isa.6.1	Isa.6.1-fn1	fallback	verse_end	no_high_confidence_immediate_alignment	O el borde de Su manto
Isa.7.3	Isa.7.3-fn1	fallback	verse_end	no_high_confidence_immediate_alignment	Sear-jasub significa un remanente volverá.
Isa.7.6	Isa.7.6-fn1	fallback	verse_end	source_anchor_word_not_semantically_specific	Hebreo partirlo
Isa.8.1	Isa.8.1-fn1	fallback	verse_end	no_high_confidence_immediate_alignment	Hebreo con la de un hombre
Isa.8.7	Isa.8.7-fn1	fallback	verse_end	no_high_confidence_immediate_alignment	Hebreo el Río
Isa.8.9	Isa.8.9-fn1	fallback	verse_end	no_high_confidence_immediate_alignment	O Alzad el grito de guerra o Sed malvados o Sed quebrantados
Isa.8.12	Isa.8.12-fn1	fallback	verse_end	no_high_confidence_immediate_alignment	O No temáis sus amenazas
Isa.8.14	Isa.8.14-fn1	fallback	verse_end	no_high_confidence_immediate_alignment	Citado en Romanos 9:33 y 1 Pedro 2:8
Isa.9.12	Isa.9.12-fn1	fallback	verse_end	no_high_confidence_immediate_alignment	Es decir, Siria
Isa.10.21	Isa.10.21-fn1	fallback	verse_end	no_high_confidence_immediate_alignment	Hebreo Sear-jasub; también en el versículo 22; véase Isaías 7:3.
Isa.10.22	Isa.10.22-fn1	fallback	verse_end	no_high_confidence_immediate_alignment	LXX Aunque el pueblo de Israel sea como la arena del mar, solo un remanente será salvo. Citado en Romanos 9:27
Isa.11.6	Isa.11.6-fn1	fallback	verse_end	no_high_confidence_immediate_alignment	Hebreo; LXX el becerro y el toro y el león pacerán juntos
Isa.11.10	Isa.11.10-fn1	fallback	verse_end	no_high_confidence_immediate_alignment	LXX En aquel día la Raíz de Isaí aparecerá, Aquel que se levantará para gobernar a los gentiles; en Él los gentiles pondrán su esperanza; citado en Romanos 15:12.
Isa.11.11	Isa.11.11-fn2	fallback	verse_end	no_high_confidence_immediate_alignment	Es decir, Babilonia
Isa.11.13	Isa.11.13-fn2	fallback	verse_end	no_high_confidence_immediate_alignment	O hostilidad
Isa.11.15	Isa.11.15-fn1	fallback	verse_end	no_high_confidence_immediate_alignment	O secará por completo
Isa.11.15	Isa.11.15-fn2	fallback	verse_end	no_high_confidence_immediate_alignment	Hebreo la lengua
Isa.13.21	Isa.13.21-fn1	fallback	verse_end	no_high_confidence_immediate_alignment	Literalmente Hijas de un avestruz o Hijas de un búho
Isa.14.4	Isa.14.4-fn1	fallback	verse_end	no_high_confidence_immediate_alignment	DSS, LXX y Siríaco; TM la ciudad de oro
Isa.14.12	Isa.14.12-fn1	fallback	verse_end	no_high_confidence_immediate_alignment	O lucero de la mañana o resplandeciente o Lucifer
Isa.15.5	Isa.15.5-fn1	fallback	verse_end	no_high_confidence_immediate_alignment	O Zoar, como una novilla de tres años.
Isa.15.9	Isa.15.9-fn1	fallback	verse_end	no_high_confidence_immediate_alignment	TM, dos veces en este versículo; DSS y Vulgata Dibón; Dimón, un juego de palabras con Dibón (véase el versículo 2), suena como el hebreo para sangre.
Isa.19.10	Isa.19.10-fn1	fallback	verse_end	no_high_confidence_immediate_alignment	O Sus pilares
Isa.21.8	Isa.21.8-fn1	fallback	verse_end	no_high_confidence_immediate_alignment	DSS y Siríaco; TM león
Isa.21.11	Isa.21.11-fn1	fallback	verse_end	no_high_confidence_immediate_alignment	Duma es un juego de palabras con Edom, que significa silencio.
Isa.21.11	Isa.21.11-fn2	fallback	verse_end	no_high_confidence_immediate_alignment	Seir es otro nombre para Edom.
Isa.23.1	Isa.23.1-fn1	fallback	verse_end	no_high_confidence_immediate_alignment	O ¡Aúlla, oh flota de barcos mercantes; también en el versículo 14
Isa.23.10	Isa.23.10-fn1	fallback	verse_end	no_high_confidence_immediate_alignment	DSS y algunos manuscritos LXX; TM Desborda
Isa.24.14	Isa.24.14-fn1	fallback	verse_end	no_high_confidence_immediate_alignment	O desde el mar
Isa.24.15	Isa.24.15-fn1	fallback	verse_end	no_high_confidence_immediate_alignment	O costas
Isa.25.8	Isa.25.8-fn2	fallback	verse_end	no_high_confidence_immediate_alignment	Citado en Apocalipsis 7:17 y Apocalipsis 21:4
Isa.25.11	Isa.25.11-fn1	fallback	verse_end	no_high_confidence_immediate_alignment	O junto con
Isa.26.9	Isa.26.9-fn1	fallback	verse_end	no_high_confidence_immediate_alignment	O mi espíritu dentro de mí te busca.
Isa.27.1	Isa.27.1-fn1	fallback	verse_end	no_high_confidence_immediate_alignment	Hebreo nachash; traducido en la mayoría de los casos como culebra; dos veces en este versículo
Isa.27.8	Isa.27.8-fn1	fallback	verse_end	no_high_confidence_immediate_alignment	O Al expulsarla al exilio o Medida por medida, por el exilio
Isa.27.9	Isa.27.9-fn1	fallback	verse_end	source_anchor_word_not_semantically_specific	LXX Por tanto, la culpa de Jacob será quitada, y esta es su bendición cuando yo quite su pecado; citado en Romanos 11:27
Isa.28.1	Isa.28.1-fn1	fallback	verse_end	no_high_confidence_immediate_alignment	Es decir, el reino del norte de Israel; también en el versículo 3
Isa.28.10	Isa.28.10-fn1	fallback	verse_end	no_high_confidence_immediate_alignment	O Porque Él dice; o Porque es; literalmente Porque
Isa.28.10	Isa.28.10-fn2	fallback	verse_end	no_high_confidence_immediate_alignment	O Haz esto, haz aquello, una regla para esto, una regla para aquello; hebreo sav lasav sav lasav kav lakav kav lakav (posiblemente sonidos sin sentido para demostrar la incapacidad de entender); también en el versículo 13
Isa.28.15	Isa.28.15-fn1	fallback	verse_end	no_high_confidence_immediate_alignment	O dioses falsos
Isa.29.2	Isa.29.2-fn1	fallback	verse_end	no_high_confidence_immediate_alignment	O como Ariel; véase la nota al pie para el versículo 1.
Isa.30.32	Isa.30.32-fn1	fallback	verse_end	no_high_confidence_immediate_alignment	Algunos manuscritos hebreos, Siríaco; TM la vara de fundación; DSS la vara de Su fundación
Isa.32.14	Isa.32.14-fn1	fallback	verse_end	no_high_confidence_immediate_alignment	Hebreo el Ofel
Isa.33.4	Isa.33.4-fn1	fallback	verse_end	no_high_confidence_immediate_alignment	Oh naciones se añade para mayor claridad.
Isa.33.8	Isa.33.8-fn2	fallback	verse_end	no_high_confidence_immediate_alignment	DSS; TM las ciudades
Isa.34.2	Isa.34.2-fn1	fallback	verse_end	no_high_confidence_immediate_alignment	Las formas del hebreo cherem se refieren a la entrega de cosas o personas, ya sea destruyéndolas o dándolas como ofrenda; también en el versículo 5.
Isa.34.11	Isa.34.11-fn1	fallback	verse_end	source_anchor_word_not_semantically_specific	La identificación precisa de estas aves es incierta.
Isa.34.14	Isa.34.14-fn1	fallback	verse_end	no_high_confidence_immediate_alignment	Hebreo Lilith
Isa.36.5	Isa.36.5-fn1	fallback	verse_end	source_anchor_word_not_semantically_specific	Literalmente Tú hablas; véase DSS y 2 Reyes 18:20; TM Yo hablo.
Isa.36.11	Isa.36.11-fn1	fallback	verse_end	no_high_confidence_immediate_alignment	O en el dialecto de Judá; también en el versículo 13
Isa.36.16	Isa.36.16-fn1	fallback	verse_end	no_high_confidence_immediate_alignment	O Haz una bendición conmigo
Isa.37.11	Isa.37.11-fn1	fallback	verse_end	no_high_confidence_immediate_alignment	Las formas del hebreo cherem se refieren a la entrega de cosas o personas, ya sea destruyéndolas o dándolas como ofrenda.
Isa.37.24	Isa.37.24-fn1	fallback	verse_end	no_high_confidence_immediate_alignment	O pinos o enebros o abetos
Isa.37.25	Isa.37.25-fn1	fallback	verse_end	no_high_confidence_immediate_alignment	DSS (véase también 2 Reyes 19:24); TM no incluye extranjero.
Isa.37.27	Isa.37.27-fn1	fallback	verse_end	no_high_confidence_immediate_alignment	DSS, algunos manuscritos TM y algunos manuscritos LXX (véase también 2 Reyes 19:26); la mayoría de los manuscritos TM en las azoteas y terrazas
Isa.37.36	Isa.37.36-fn1	fallback	verse_end	source_anchor_word_not_semantically_specific	Hebreo Cuando se levantaron
Isa.38.10	Isa.38.10-fn1	fallback	verse_end	no_high_confidence_immediate_alignment	O En la quietud o En el medio
Isa.38.13	Isa.38.13-fn1	fallback	verse_end	no_high_confidence_immediate_alignment	O Clamé; véase Targum Yonatón.
Isa.40.3	Isa.40.3-fn1	fallback	verse_end	no_high_confidence_immediate_alignment	O Voz del que clama en el desierto: “Preparad el camino al SEÑOR
Isa.40.5	Isa.40.5-fn1	fallback	verse_end	source_anchor_word_not_semantically_specific	Literalmente y toda carne juntamente lo verá. Citado en Lucas 3:6
Isa.40.9	Isa.40.9-fn1	fallback	verse_end	source_anchor_word_not_semantically_specific	O Oh heraldo de buenas nuevas para Sion, sube a un monte alto. Oh heraldo de buenas nuevas para Jerusalén, levántalo,
Isa.40.23	Isa.40.23-fn1	fallback	verse_end	no_high_confidence_immediate_alignment	O jueces
Isa.41.2	Isa.41.2-fn1	fallback	verse_end	no_high_confidence_immediate_alignment	O desde el oriente, a quien la victoria encuentra a cada paso
Isa.41.27	Isa.41.27-fn1	fallback	verse_end	no_high_confidence_immediate_alignment	O Antes dije a Sion:
Isa.42.4	Isa.42.4-fn1	fallback	verse_end	no_high_confidence_immediate_alignment	O quebrantado
Isa.42.15	Isa.42.15-fn1	fallback	verse_end	no_high_confidence_immediate_alignment	O costas o islas
Isa.43.20	Isa.43.20-fn2	fallback	verse_end	no_high_confidence_immediate_alignment	Literalmente e hijas de un avestruz o e hijas de un búho
Isa.43.28	Isa.43.28-fn1	fallback	verse_end	no_high_confidence_immediate_alignment	Las formas del hebreo cherem se refieren a la entrega de cosas o personas al SEÑOR, ya sea destruyéndolas o dándolas como ofrenda.
Isa.44.4	Isa.44.4-fn1	fallback	verse_end	no_high_confidence_immediate_alignment	O álamos
Isa.44.14	Isa.44.14-fn1	fallback	verse_end	no_high_confidence_immediate_alignment	O pino o enebro o abeto
Isa.45.2	Isa.45.2-fn1	fallback	verse_end	no_high_confidence_immediate_alignment	DSS y LXX; TM nivelar el terreno
Isa.45.9	Isa.45.9-fn1	fallback	verse_end	no_high_confidence_immediate_alignment	Citado en Romanos 9:20
Isa.47.1	Isa.47.1-fn1	fallback	verse_end	no_high_confidence_immediate_alignment	Es decir, Babilonia; también en el versículo 5
Isa.48.19	Isa.48.19-fn1	fallback	verse_end	no_high_confidence_immediate_alignment	Literalmente como la arena, y tu descendencia como sus granos
Isa.49.8	Isa.49.8-fn1	fallback	verse_end	source_anchor_word_not_semantically_specific	LXX En el tiempo favorable te escuché, y en el día de salvación te ayudé; citado en 2 Corintios 6:2
Isa.49.10	Isa.49.10-fn1	fallback	verse_end	source_anchor_word_not_semantically_specific	Citado en Apocalipsis 7:16
Isa.49.22	Isa.49.22-fn1	fallback	verse_end	no_high_confidence_immediate_alignment	Hebreo en su seno
Isa.49.24	Isa.49.24-fn1	fallback	verse_end	no_high_confidence_immediate_alignment	DSS, Siríaco y Vulgata (véase también el versículo 25); TM del justo
Isa.51.16	Isa.51.16-fn1	fallback	verse_end	no_high_confidence_immediate_alignment	O plantar
Isa.52.5	Isa.52.5-fn1	fallback	verse_end	no_high_confidence_immediate_alignment	DSS y Vulgata; TM aullido
Isa.52.7	Isa.52.7-fn1	fallback	verse_end	no_high_confidence_immediate_alignment	Citado en Romanos 10:15
Isa.52.11	Isa.52.11-fn1	fallback	verse_end	no_high_confidence_immediate_alignment	Citado en 2 Corintios 6:17
Isa.52.13	Isa.52.13-fn1	fallback	verse_end	no_high_confidence_immediate_alignment	O actuará sabiamente
Isa.52.14	Isa.52.14-fn1	fallback	verse_end	no_high_confidence_immediate_alignment	Siríaco; hebreo en Ti
Isa.52.15	Isa.52.15-fn1	fallback	verse_end	no_high_confidence_immediate_alignment	O asombrar
Isa.53.4	Isa.53.4-fn1	fallback	verse_end	no_high_confidence_immediate_alignment	LXX Este lleva nuestros pecados y se duele por nosotros; citado en Mateo 8:17 y 1 Pedro 2:24
Isa.53.6	Isa.53.6-fn1	fallback	verse_end	no_high_confidence_immediate_alignment	Citado en 1 Pedro 2:25
Isa.53.8	Isa.53.8-fn1	fallback	verse_end	no_high_confidence_immediate_alignment	LXX En Su humillación fue privado de justicia. ¿Quién puede contar Su descendencia? Porque Su vida fue quitada de la tierra; citado en Hechos 8:32–33.
Isa.53.11	Isa.53.11-fn1	fallback	verse_end	no_high_confidence_immediate_alignment	DSS (véase también LXX); TM no incluye la luz de la vida.
Isa.53.12	Isa.53.12-fn1	fallback	verse_end	no_high_confidence_immediate_alignment	O muchos
Isa.53.12	Isa.53.12-fn2	fallback	verse_end	no_high_confidence_immediate_alignment	O numerosos
Isa.53.12	Isa.53.12-fn3	fallback	verse_end	no_high_confidence_immediate_alignment	Citado en Lucas 22:37
Isa.54.1	Isa.54.1-fn1	fallback	verse_end	no_high_confidence_immediate_alignment	Citado en Gálatas 4:27
Isa.57.9	Isa.57.9-fn1	fallback	verse_end	no_high_confidence_immediate_alignment	O al rey
Isa.57.9	Isa.57.9-fn2	fallback	verse_end	no_high_confidence_immediate_alignment	O ídolos
Isa.59.7	Isa.59.7-fn1	fallback	verse_end	no_high_confidence_immediate_alignment	LXX miseria
Isa.59.8	Isa.59.8-fn1	fallback	verse_end	no_high_confidence_immediate_alignment	Citado en Romanos 3:15–17
Isa.59.15	Isa.59.15-fn1	fallback	verse_end	no_high_confidence_immediate_alignment	Hebreo y fue malo ante Sus ojos
Isa.59.20	Isa.59.20-fn1	fallback	verse_end	no_high_confidence_immediate_alignment	LXX para quitar la impiedad de Jacob; citado en Romanos 11:26
Isa.59.21	Isa.59.21-fn1	fallback	verse_end	source_anchor_word_not_semantically_specific	Citado en Romanos 11:27
Isa.59.21	Isa.59.21-fn2	fallback	verse_end	source_anchor_word_not_semantically_specific	Literalmente Mi Espíritu, que está sobre ti,
Isa.60.13	Isa.60.13-fn1	fallback	verse_end	no_high_confidence_immediate_alignment	O pino o enebro o abeto
Isa.60.19	Isa.60.19-fn1	fallback	verse_end	no_high_confidence_immediate_alignment	DSS, LXX y Targum Yonatón; TM brillar sobre ti
Isa.61.2	Isa.61.2-fn1	fallback	verse_end	no_high_confidence_immediate_alignment	O para proclamar el año aceptable del SEÑOR; citado en Lucas 4:19
Isa.62.4	Isa.62.4-fn1	fallback	verse_end	no_high_confidence_immediate_alignment	Hebreo Azuba
Isa.62.4	Isa.62.4-fn2	fallback	verse_end	no_high_confidence_immediate_alignment	Hebreo Semama
Isa.62.4	Isa.62.4-fn3	fallback	verse_end	no_high_confidence_immediate_alignment	Hefsi-ba significa Mi deleite está en ella.
Isa.62.4	Isa.62.4-fn4	fallback	verse_end	no_high_confidence_immediate_alignment	Beula significa casada.
Isa.63.1	Isa.63.1-fn1	fallback	verse_end	no_high_confidence_immediate_alignment	O Yo soy, que hablo en justicia,
Isa.63.9	Isa.63.9-fn1	fallback	verse_end	no_high_confidence_immediate_alignment	O ángel de Su presencia
Isa.64.6	Isa.64.6-fn1	fallback	verse_end	no_high_confidence_immediate_alignment	O como un trapo menstrual manchado
Isa.64.7	Isa.64.7-fn1	fallback	verse_end	no_high_confidence_immediate_alignment	LXX, Siríaco y Targum Yonatón; TM nos has hecho derretir en la mano
Isa.65.9	Isa.65.9-fn1	fallback	verse_end	no_high_confidence_immediate_alignment	O y herederos de Mis montes de Judá; Mis elegidos los poseerán
Isa.65.11	Isa.65.11-fn1	fallback	verse_end	no_high_confidence_immediate_alignment	Hebreo Gad, el dios babilónico de la fortuna
Isa.66.2	Isa.66.2-fn1	fallback	verse_end	no_high_confidence_immediate_alignment	Citado en Hechos 7:49–50
Isa.66.18	Isa.66.18-fn1	fallback	verse_end	no_high_confidence_immediate_alignment	Literalmente Y yo, sus obras y sus pensamientos, vengo
Isa.66.24	Isa.66.24-fn1	fallback	verse_end	no_high_confidence_immediate_alignment	Citado en Marcos 9:48
Jer.1.12	Jer.1.12-fn1	fallback	verse_end	no_high_confidence_immediate_alignment	El hebreo para velar suena como el hebreo para almendro.
Jer.1.17	Jer.1.17-fn1	fallback	verse_end	no_high_confidence_immediate_alignment	Hebreo Ciñe tus lomos.
Jer.2.10	Jer.2.10-fn1	fallback	verse_end	no_high_confidence_immediate_alignment	Hebreo Quitim
Jer.2.18	Jer.2.18-fn1	fallback	verse_end	no_high_confidence_immediate_alignment	Hebreo de Sihor, un brazo del río Nilo
Jer.3.8	Jer.3.8-fn1	fallback	verse_end	no_high_confidence_immediate_alignment	DSS, un manuscrito LXX y Siríaco; TM vi
Jer.6.10	Jer.6.10-fn1	fallback	verse_end	no_high_confidence_immediate_alignment	Hebreo incircunciso
Jer.6.23	Jer.6.23-fn1	fallback	verse_end	no_high_confidence_immediate_alignment	O jabalina
Jer.6.27	Jer.6.27-fn1	fallback	verse_end	no_high_confidence_immediate_alignment	O para examinar a Mi pueblo, una fortaleza
Jer.7.11	Jer.7.11-fn1	fallback	verse_end	no_high_confidence_immediate_alignment	Citado en Mateo 21:13, Marcos 11:17 y Lucas 19:46
Jer.7.13	Jer.7.13-fn1	fallback	verse_end	source_anchor_word_not_semantically_specific	Literalmente Te he hablado, levantándome temprano y hablando,
Jer.8.7	Jer.8.7-fn1	fallback	verse_end	no_high_confidence_immediate_alignment	La identificación precisa de algunas de estas aves es incierta.
Jer.8.18	Jer.8.18-fn1	fallback	verse_end	no_high_confidence_immediate_alignment	O Oh mi Consolador en la tristeza,
Jer.9.6	Jer.9.6-fn1	fallback	verse_end	no_high_confidence_immediate_alignment	Es decir, Jeremías habita (el hebreo es singular)
Jer.9.7	Jer.9.7-fn1	fallback	verse_end	source_anchor_word_not_semantically_specific	LXX por la maldad de
Jer.9.11	Jer.9.11-fn1	fallback	verse_end	no_high_confidence_immediate_alignment	O serpientes o dragones
Jer.11.7	Jer.11.7-fn1	fallback	verse_end	source_anchor_word_not_semantically_specific	Literalmente Les advertí solemnemente, levantándome temprano y advirtiendo (a ellos),
Jer.12.9	Jer.12.9-fn1	fallback	verse_end	no_high_confidence_immediate_alignment	O como una hiena moteada con aves de rapiña
Jer.13.4	Jer.13.4-fn1	fallback	verse_end	no_high_confidence_immediate_alignment	O posiblemente al Éufrates; similarmente en los versículos 5–7
Jer.13.23	Jer.13.23-fn1	fallback	verse_end	no_high_confidence_immediate_alignment	Hebreo que el cusita; es decir, probablemente una persona de la región del Alto Nilo
Jer.17.5	Jer.17.5-fn1	fallback	verse_end	no_high_confidence_immediate_alignment	Hebreo brazo
Jer.17.10	Jer.17.10-fn1	fallback	verse_end	no_high_confidence_immediate_alignment	Hebreo riñones
Jer.17.26	Jer.17.26-fn1	fallback	verse_end	no_high_confidence_immediate_alignment	Hebreo Sefela o tierras bajas; es decir, las estribaciones occidentales de Judea
Jer.19.7	Jer.19.7-fn1	fallback	verse_end	no_high_confidence_immediate_alignment	El término hebreo para ruina suena como el hebreo para vasija; véase los versículos 1 y 10.
Jer.19.8	Jer.19.8-fn1	fallback	verse_end	no_high_confidence_immediate_alignment	Literalmente y un silbido
Jer.22.15	Jer.22.15-fn1	fallback	verse_end	no_high_confidence_immediate_alignment	O porque te encierras
Jer.22.24	Jer.22.24-fn1	fallback	verse_end	no_high_confidence_immediate_alignment	Conías es una variante de Joaquín; también en el versículo 28.
Jer.24.1	Jer.24.1-fn1	fallback	verse_end	no_high_confidence_immediate_alignment	Jeconías es una variante de Joaquín; véase 2 Reyes 24:12.
Jer.24.1	Jer.24.1-fn2	fallback	verse_end	no_high_confidence_immediate_alignment	O artesanos del metal, y los había traído de Jerusalén a Babilonia
Jer.25.3	Jer.25.3-fn1	fallback	verse_end	source_anchor_word_not_semantically_specific	Literalmente os he hablado, levantándome temprano y hablando,
Jer.25.4	Jer.25.4-fn1	fallback	verse_end	source_anchor_word_not_semantically_specific	Literalmente a vosotros, levantándome temprano y enviándolos,
Jer.25.9	Jer.25.9-fn1	fallback	verse_end	no_high_confidence_immediate_alignment	Las formas del hebreo cherem se refieren a la entrega de cosas o personas, ya sea destruyéndolas o dándolas como ofrenda.
Jer.25.12	Jer.25.12-fn1	fallback	verse_end	no_high_confidence_immediate_alignment	Es decir, los babilonios
Jer.25.26	Jer.25.26-fn1	fallback	verse_end	no_high_confidence_immediate_alignment	Sesac es un nombre en clave para Babilonia.
Jer.25.38	Jer.25.38-fn1	fallback	verse_end	no_high_confidence_immediate_alignment	Algunos manuscritos hebreos y LXX (véase también Jeremías 46:16 y Jeremías 50:16); la mayoría de los manuscritos hebreos ira
Jer.26.5	Jer.26.5-fn1	fallback	verse_end	source_anchor_word_not_semantically_specific	Literalmente os he enviado, levantándome temprano y enviándolos,
Jer.27.1	Jer.27.1-fn1	fallback	verse_end	no_high_confidence_immediate_alignment	Algunos manuscritos hebreos y Siríaco (véase también los versículos 3 y 12, y Jeremías 28:1); la mayoría de los manuscritos hebreos Joacim
Jer.27.20	Jer.27.20-fn1	fallback	verse_end	no_high_confidence_immediate_alignment	Jeconías es una variante de Joaquín; véase 2 Reyes 24:12.
Jer.29.19	Jer.29.19-fn1	fallback	verse_end	source_anchor_word_not_semantically_specific	Literalmente les envié, levantándome temprano y enviándoles
Jer.30.18	Jer.30.18-fn1	fallback	verse_end	source_anchor_word_not_semantically_specific	O restaurar del cautiverio
Jer.31.18	Jer.31.18-fn1	fallback	verse_end	no_high_confidence_immediate_alignment	Es decir, el reino del norte de Israel; también en el versículo 20
Jer.31.20	Jer.31.20-fn1	fallback	verse_end	no_high_confidence_immediate_alignment	Hebreo Mis entrañas se conmueven por él
Jer.31.22	Jer.31.22-fn1	fallback	verse_end	no_high_confidence_immediate_alignment	O rodeará o volverá a
Jer.31.23	Jer.31.23-fn1	fallback	verse_end	no_high_confidence_immediate_alignment	O restaurar su prosperidad
Jer.31.32	Jer.31.32-fn1	fallback	verse_end	source_anchor_word_not_semantically_specific	Hebreo; LXX porque no permanecieron en Mi pacto, y Yo los deseché; véase también Siríaco.
Jer.31.38	Jer.31.38-fn1	fallback	verse_end	no_high_confidence_immediate_alignment	Literalmente He aquí, los días; lectura alternativa del TM He aquí, vienen días
Jer.32.18	Jer.32.18-fn1	fallback	verse_end	no_high_confidence_immediate_alignment	Hebreo en el seno
Jer.32.33	Jer.32.33-fn1	fallback	verse_end	source_anchor_word_not_semantically_specific	Literalmente Les enseñé, levantándome temprano y enseñando,
Jer.32.44	Jer.32.44-fn1	fallback	verse_end	no_high_confidence_immediate_alignment	Hebreo Sefela o tierras bajas; es decir, las estribaciones occidentales de Judea
Jer.33.2	Jer.33.2-fn1	fallback	verse_end	no_high_confidence_immediate_alignment	LXX; hebreo que lo hizo
Jer.35.14	Jer.35.14-fn1	fallback	verse_end	source_anchor_word_not_semantically_specific	Literalmente Pero os he hablado, levantándome temprano y hablando,
Jer.35.15	Jer.35.15-fn1	fallback	verse_end	source_anchor_word_not_semantically_specific	Literalmente Levantándome temprano y enviándoos, os he enviado
Jer.37.1	Jer.37.1-fn1	fallback	verse_end	no_high_confidence_immediate_alignment	Conías es una variante de Joaquín.
Jer.37.3	Jer.37.3-fn1	fallback	verse_end	no_high_confidence_immediate_alignment	Jucal es una variante de Jehucal; véase Jeremías 38:1.
Jer.37.5	Jer.37.5-fn1	fallback	verse_end	no_high_confidence_immediate_alignment	Es decir, los babilonios; también en los versículos 8, 9, 13 y 14
Jer.37.12	Jer.37.12-fn1	fallback	verse_end	source_anchor_word_not_semantically_specific	Literalmente para dividir de allí
Jer.38.1	Jer.38.1-fn1	fallback	verse_end	no_high_confidence_immediate_alignment	Jucal es una variante de Jehucal; véase Jeremías 37:3.
Jer.38.7	Jer.38.7-fn1	fallback	verse_end	no_high_confidence_immediate_alignment	Probablemente de la región del Alto Nilo
Jer.38.7	Jer.38.7-fn2	fallback	verse_end	no_high_confidence_immediate_alignment	O eunuco
Jer.39.3	Jer.39.3-fn1	fallback	verse_end	no_high_confidence_immediate_alignment	O Nergal-sarezer, Samgar-nebo, Sarsequim
Jer.39.3	Jer.39.3-fn3	fallback	verse_end	no_high_confidence_immediate_alignment	Hebreo Rabmag es el título del jefe de los adivinos o jefe de los príncipes en el ejército asirio; también en el versículo 13.
Jer.39.13	Jer.39.13-fn1	fallback	verse_end	no_high_confidence_immediate_alignment	Nebuzaradán es posiblemente una variante de Nebo-sarsequim; véase el versículo 3.
Jer.40.8	Jer.40.8-fn1	fallback	verse_end	no_high_confidence_immediate_alignment	Jezanías es una variante de Jaazanías; véase 2 Reyes 25:23.
Jer.41.3	Jer.41.3-fn1	fallback	verse_end	no_high_confidence_immediate_alignment	O babilonio
Jer.41.16	Jer.41.16-fn1	fallback	verse_end	no_high_confidence_immediate_alignment	O eunucos
Jer.42.1	Jer.42.1-fn1	fallback	verse_end	no_high_confidence_immediate_alignment	Hebreo; LXX Azarías; véase Jeremías 43:2.
Jer.43.12	Jer.43.12-fn1	fallback	verse_end	no_high_confidence_immediate_alignment	Literalmente y los quemará y los tomará cautivos
Jer.44.1	Jer.44.1-fn2	fallback	verse_end	no_high_confidence_immediate_alignment	LXX; hebreo Nof
Jer.44.4	Jer.44.4-fn1	fallback	verse_end	source_anchor_word_not_semantically_specific	Literalmente los profetas, levantándome temprano y enviándolos,
Jer.44.15	Jer.44.15-fn1	fallback	verse_end	no_high_confidence_immediate_alignment	Es decir, en el Bajo y el Alto Egipto; posiblemente en la tierra de Egipto en Patros
Jer.45.4	Jer.45.4-fn1	fallback	verse_end	no_high_confidence_immediate_alignment	Literalmente Así le dirás:
Jer.46.9	Jer.46.9-fn1	fallback	verse_end	no_high_confidence_immediate_alignment	Es decir, la región del Alto Nilo
Jer.46.14	Jer.46.14-fn1	fallback	verse_end	no_high_confidence_immediate_alignment	LXX; hebreo Nof; también en el versículo 19
Jer.46.25	Jer.46.25-fn1	fallback	verse_end	no_high_confidence_immediate_alignment	Hebreo Amón de No
Jer.48.2	Jer.48.2-fn2	fallback	verse_end	no_high_confidence_immediate_alignment	El nombre de la ciudad moabita Madmén suena como el hebreo para silenciado.
Jer.48.9	Jer.48.9-fn1	fallback	verse_end	no_high_confidence_immediate_alignment	O Dad alas a Moab, porque ella volaría
Jer.48.21	Jer.48.21-fn1	fallback	verse_end	no_high_confidence_immediate_alignment	Jahza es una variante de Jahaz; véase el versículo 34.
Jer.48.47	Jer.48.47-fn1	fallback	verse_end	no_high_confidence_immediate_alignment	O restaurar la prosperidad de Moab
Jer.49.1	Jer.49.1-fn1	fallback	verse_end	no_high_confidence_immediate_alignment	O su rey; Milcom es una variante de Moloc; también en el versículo 3; véase Levítico 18:21 y 1 Reyes 11:7.
Jer.49.4	Jer.49.4-fn1	fallback	verse_end	no_high_confidence_immediate_alignment	O tus valles fluyendo
Jer.49.6	Jer.49.6-fn1	fallback	verse_end	no_high_confidence_immediate_alignment	O restaurar la prosperidad de los amonitas
Jer.49.16	Jer.49.16-fn1	fallback	verse_end	no_high_confidence_immediate_alignment	O de Sela
Jer.49.23	Jer.49.23-fn1	fallback	verse_end	no_high_confidence_immediate_alignment	Hebreo en el mar o por el mar
Jer.50.10	Jer.50.10-fn1	fallback	verse_end	no_high_confidence_immediate_alignment	O Babilonia
Jer.50.21	Jer.50.21-fn1	fallback	verse_end	source_anchor_word_not_semantically_specific	LXX Venga, oh espada,
Jer.50.21	Jer.50.21-fn2	fallback	verse_end	no_high_confidence_immediate_alignment	Las formas del hebreo cherem se refieren a la entrega de cosas o personas al SEÑOR, ya sea destruyéndolas o dándolas como ofrenda; también en el versículo 26.
Jer.50.39	Jer.50.39-fn1	fallback	verse_end	no_high_confidence_immediate_alignment	Literalmente hijas de un avestruz o hijas de un búho
Jer.51.1	Jer.51.1-fn1	fallback	verse_end	no_high_confidence_immediate_alignment	Leb-camai es un nombre en clave para Caldea, es decir, Babilonia.
Jer.51.11	Jer.51.11-fn1	fallback	verse_end	no_high_confidence_immediate_alignment	LXX y algunas traducciones del hebreo; literalmente ¡Llena la mano de escudos! o ¡Toma los escudos!
Jer.51.24	Jer.51.24-fn1	fallback	verse_end	no_high_confidence_immediate_alignment	Es decir, Babilonia; también en el versículo 35
Jer.51.41	Jer.51.41-fn1	fallback	verse_end	no_high_confidence_immediate_alignment	Sesac es un nombre en clave para Babilonia.
Jer.52.7	Jer.52.7-fn1	fallback	verse_end	no_high_confidence_immediate_alignment	Es decir, los babilonios; similarmente en los versículos 8, 9, 14 y 17
Jer.52.21	Jer.52.21-fn1	fallback	verse_end	no_high_confidence_immediate_alignment	Cada pilar medía aproximadamente 8.2 metros de alto y 5.5 metros de circunferencia.
Jer.52.31	Jer.52.31-fn1	fallback	verse_end	no_high_confidence_immediate_alignment	Literalmente levantó la cabeza de
Lam.1.1	Lam.1.1-fn1	fallback	verse_end	source_anchor_word_not_semantically_specific	Este capítulo es un poema acróstico, cada versículo comienza con las letras sucesivas del alfabeto hebreo.
Lam.1.8	Lam.1.8-fn1	fallback	verse_end	no_high_confidence_immediate_alignment	O su vergüenza
Lam.1.15	Lam.1.15-fn1	fallback	verse_end	no_high_confidence_immediate_alignment	O ha señalado un tiempo para mí
Lam.2.1	Lam.2.1-fn1	fallback	verse_end	source_anchor_word_not_semantically_specific	Este capítulo es un poema acróstico, cada versículo comienza con las letras sucesivas del alfabeto hebreo.
Lam.2.18	Lam.2.18-fn1	fallback	verse_end	no_high_confidence_immediate_alignment	Literalmente Su corazón clama al Señor.
Lam.3.1	Lam.3.1-fn1	fallback	verse_end	source_anchor_word_not_semantically_specific	Este capítulo es un poema acróstico, cada estrofa de 3 versículos comienza con las letras sucesivas del alfabeto hebreo.
Lam.4.1	Lam.4.1-fn1	fallback	verse_end	source_anchor_word_not_semantically_specific	Este capítulo es un poema acróstico, cada versículo comienza con las letras sucesivas del alfabeto hebreo.
Lam.4.3	Lam.4.3-fn1	fallback	verse_end	no_high_confidence_immediate_alignment	O serpientes o dragones
Lam.4.6	Lam.4.6-fn1	fallback	verse_end	no_high_confidence_immediate_alignment	O iniquidad
Lam.4.7	Lam.4.7-fn1	fallback	verse_end	no_high_confidence_immediate_alignment	O su pulido o su cabello
Lam.4.22	Lam.4.22-fn1	fallback	verse_end	no_high_confidence_immediate_alignment	O No te desterrará otra vez
Ezek.2.1	Ezek.2.1-fn1	fallback	verse_end	no_high_confidence_immediate_alignment	O Hijo de Adán; aquí y en todo Ezequiel
Ezek.3.18	Ezek.3.18-fn1	fallback	verse_end	no_high_confidence_immediate_alignment	O por su iniquidad; también en el versículo 19
Ezek.4.10	Ezek.4.10-fn1	fallback	verse_end	no_high_confidence_immediate_alignment	20 siclos equivalen aproximadamente a 228 gramos de alimento.
Ezek.4.11	Ezek.4.11-fn1	fallback	verse_end	no_high_confidence_immediate_alignment	La sexta parte de un hin equivale aproximadamente a 0.61 litros de agua.
Ezek.4.14	Ezek.4.14-fn1	fallback	verse_end	no_high_confidence_immediate_alignment	Hebreo “¡Ah, Señor DIOS!” dije, “He aquí, mi alma nunca ha sido contaminada.
Ezek.4.16	Ezek.4.16-fn1	fallback	verse_end	no_high_confidence_immediate_alignment	Hebreo vara
Ezek.5.7	Ezek.5.7-fn1	fallback	verse_end	no_high_confidence_immediate_alignment	Algunos manuscritos hebreos y Siríaco Mis ordenanzas; incluso os habéis conformado
Ezek.5.15	Ezek.5.15-fn1	fallback	verse_end	source_anchor_word_not_semantically_specific	DSS, LXX, Siríaco y Vulgata; TM Así será
Ezek.5.16	Ezek.5.16-fn1	fallback	verse_end	source_anchor_word_not_semantically_specific	Hebreo ellos
Ezek.5.16	Ezek.5.16-fn2	fallback	verse_end	no_high_confidence_immediate_alignment	Hebreo vara
Ezek.6.14	Ezek.6.14-fn1	fallback	verse_end	no_high_confidence_immediate_alignment	La mayoría de los manuscritos hebreos; Vulgata y algunos manuscritos hebreos Riblá
Ezek.7.5	Ezek.7.5-fn1	fallback	verse_end	no_high_confidence_immediate_alignment	O Un desastre único, como en la mayoría de los manuscritos hebreos; algunos manuscritos hebreos y Siríaco Desastre tras desastre
Ezek.7.11	Ezek.7.11-fn1	fallback	verse_end	no_high_confidence_immediate_alignment	Literalmente La violencia se ha convertido en una vara de maldad
Ezek.11.3	Ezek.11.3-fn1	fallback	verse_end	no_high_confidence_immediate_alignment	O caldera
Ezek.11.24	Ezek.11.24-fn1	fallback	verse_end	no_high_confidence_immediate_alignment	O Babilonia
Ezek.12.11	Ezek.12.11-fn1	fallback	verse_end	source_anchor_word_not_semantically_specific	Literalmente ‘Yo soy una señal para vosotros.’ Como he hecho; algunos traductores cierran la cita al final del versículo.
Ezek.14.13	Ezek.14.13-fn1	fallback	verse_end	no_high_confidence_immediate_alignment	Hebreo vara
Ezek.16.29	Ezek.16.29-fn1	fallback	verse_end	no_high_confidence_immediate_alignment	O Babilonia
Ezek.16.53	Ezek.16.53-fn1	fallback	verse_end	no_high_confidence_immediate_alignment	O restaurar la prosperidad de Sodoma y sus hijas
Ezek.16.57	Ezek.16.57-fn1	fallback	verse_end	no_high_confidence_immediate_alignment	Muchos manuscritos hebreos y Siríaco; la mayoría de los manuscritos hebreos, LXX y Vulgata Aram
Ezek.17.3	Ezek.17.3-fn1	fallback	verse_end	no_high_confidence_immediate_alignment	Las plumas de vuelo son las partes externas de las alas de un ave, incluida la pluma.
Ezek.17.5	Ezek.17.5-fn1	fallback	verse_end	no_high_confidence_immediate_alignment	Hebreo en un campo de semilla
Ezek.17.13	Ezek.17.13-fn1	fallback	verse_end	no_high_confidence_immediate_alignment	Hebreo la simiente real
Ezek.17.21	Ezek.17.21-fn1	fallback	verse_end	no_high_confidence_immediate_alignment	Muchos manuscritos hebreos; TM Todas sus tropas que huían
Ezek.19.7	Ezek.19.7-fn1	fallback	verse_end	no_high_confidence_immediate_alignment	O Conoció a sus viudas o Se apoderó de sus viudas
Ezek.19.10	Ezek.19.10-fn1	fallback	verse_end	no_high_confidence_immediate_alignment	Algunos manuscritos hebreos; la mayoría de los manuscritos hebreos en tu linaje
Ezek.20.34	Ezek.20.34-fn1	fallback	verse_end	source_anchor_word_not_semantically_specific	LXX recibiros; véase también 2 Corintios 6:17.
Ezek.22.16	Ezek.22.16-fn1	fallback	verse_end	no_high_confidence_immediate_alignment	O Y cuando te haya asignado tu herencia
Ezek.22.25	Ezek.22.25-fn1	fallback	verse_end	no_high_confidence_immediate_alignment	LXX; hebreo profetas
Ezek.23.4	Ezek.23.4-fn1	fallback	verse_end	no_high_confidence_immediate_alignment	Ohola significa su propia tienda o ella adora en un santuario de tienda, una metáfora de Samaria como adúltera con Asiria.
Ezek.23.4	Ezek.23.4-fn2	fallback	verse_end	no_high_confidence_immediate_alignment	Oholiba significa la tienda está en ella o ella es un santuario de tienda, una metáfora de Jerusalén como esposa adúltera.
Ezek.23.15	Ezek.23.15-fn1	fallback	verse_end	no_high_confidence_immediate_alignment	O Babilonia; también en el versículo 16
Ezek.23.40	Ezek.23.40-fn1	fallback	verse_end	no_high_confidence_immediate_alignment	Hebreo ellos enviaron
Ezek.23.42	Ezek.23.42-fn1	fallback	verse_end	no_high_confidence_immediate_alignment	O sabeos
Ezek.25.5	Ezek.25.5-fn1	fallback	verse_end	no_high_confidence_immediate_alignment	Hebreo y los amonitas
Ezek.26.20	Ezek.26.20-fn1	fallback	verse_end	no_high_confidence_immediate_alignment	LXX o toma tu lugar
Ezek.27.5	Ezek.27.5-fn1	fallback	verse_end	no_high_confidence_immediate_alignment	O pino o enebro o abeto
Ezek.27.5	Ezek.27.5-fn2	fallback	verse_end	no_high_confidence_immediate_alignment	Es decir, el Monte Hermón
Ezek.27.6	Ezek.27.6-fn1	fallback	verse_end	no_high_confidence_immediate_alignment	Hebreo Quitim
Ezek.27.13	Ezek.27.13-fn1	fallback	verse_end	no_high_confidence_immediate_alignment	Es decir, Grecia
Ezek.27.19	Ezek.27.19-fn1	fallback	verse_end	no_high_confidence_immediate_alignment	Lectura probable; TM—y Dan y Javán de Uzal (comerciaron) por tus mercancías
Ezek.27.19	Ezek.27.19-fn2	fallback	verse_end	no_high_confidence_immediate_alignment	O cálamo
Ezek.28.13	Ezek.28.13-fn1	fallback	verse_end	source_anchor_word_not_semantically_specific	La identificación precisa de algunas de estas piedras preciosas es incierta.
Ezek.28.13	Ezek.28.13-fn2	fallback	verse_end	no_high_confidence_immediate_alignment	O lapislázuli
Ezek.29.14	Ezek.29.14-fn1	fallback	verse_end	no_high_confidence_immediate_alignment	O restaurar la prosperidad de Egipto
Ezek.30.5	Ezek.30.5-fn1	fallback	verse_end	no_high_confidence_immediate_alignment	O Lidia
Ezek.30.6	Ezek.30.6-fn1	fallback	verse_end	no_high_confidence_immediate_alignment	Es decir, Asuán; véase Isaías 49:12
Ezek.30.9	Ezek.30.9-fn1	fallback	verse_end	no_high_confidence_immediate_alignment	Hebreo el día de Egipto
Ezek.30.13	Ezek.30.13-fn1	fallback	verse_end	no_high_confidence_immediate_alignment	LXX; hebreo Nof; también en el versículo 16
Ezek.30.15	Ezek.30.15-fn1	fallback	verse_end	no_high_confidence_immediate_alignment	Hebreo Sin; también en el versículo 16
Ezek.30.17	Ezek.30.17-fn1	fallback	verse_end	no_high_confidence_immediate_alignment	Es decir, Heliópolis y Bubastis, como en LXX; hebreo Avén y Pi-beset
Ezek.31.8	Ezek.31.8-fn2	fallback	verse_end	no_high_confidence_immediate_alignment	Posiblemente castaño o enebro
Ezek.31.10	Ezek.31.10-fn1	fallback	verse_end	no_high_confidence_immediate_alignment	Hebreo te hiciste grande
Ezek.31.10	Ezek.31.10-fn2	fallback	verse_end	no_high_confidence_immediate_alignment	O a través de las ramas espesas
Ezek.32.9	Ezek.32.9-fn1	fallback	verse_end	no_high_confidence_immediate_alignment	Hebreo; LXX cuando te lleve cautivo entre las naciones, a países
Ezek.32.27	Ezek.32.27-fn1	fallback	verse_end	no_high_confidence_immediate_alignment	LXX; hebreo guerreros de los incircuncisos
Ezek.32.27	Ezek.32.27-fn2	fallback	verse_end	no_high_confidence_immediate_alignment	Lectura probable del texto hebreo original; TM iniquidades
Ezek.37.5	Ezek.37.5-fn1	fallback	verse_end	no_high_confidence_immediate_alignment	O espíritu; también en los versículos 6, 9 y 10
Ezek.37.16	Ezek.37.16-fn1	fallback	verse_end	no_high_confidence_immediate_alignment	O una rama; también en los versículos 17, 19 y 20
Ezek.37.23	Ezek.37.23-fn1	fallback	verse_end	no_high_confidence_immediate_alignment	Muchos manuscritos hebreos (véase también LXX); la mayoría de los manuscritos hebreos todas sus moradas donde pecaron
Ezek.37.27	Ezek.37.27-fn1	fallback	verse_end	no_high_confidence_immediate_alignment	O Mi tabernáculo
Ezek.38.13	Ezek.38.13-fn1	fallback	verse_end	no_high_confidence_immediate_alignment	O leoncillos
Ezek.39.13	Ezek.39.13-fn1	fallback	verse_end	no_high_confidence_immediate_alignment	O y el día en que muestre Mi gloria será un día de renombre
Ezek.39.16	Ezek.39.16-fn1	fallback	verse_end	no_high_confidence_immediate_alignment	Hamona significa multitud o horda.
Ezek.39.26	Ezek.39.26-fn1	fallback	verse_end	no_high_confidence_immediate_alignment	Algunos manuscritos hebreos; TM Ellos llevarán
Ezek.40.9	Ezek.40.9-fn1	fallback	verse_end	no_high_confidence_immediate_alignment	8 codos (largos) equivalen aproximadamente a 4.3 metros.
Ezek.40.9	Ezek.40.9-fn2	fallback	verse_end	no_high_confidence_immediate_alignment	2 codos (largos) equivalen aproximadamente a 1.1 metros.
Ezek.40.14	Ezek.40.14-fn1	fallback	verse_end	no_high_confidence_immediate_alignment	60 codos (largos) equivalen aproximadamente a 32 metros.
Ezek.40.16	Ezek.40.16-fn1	fallback	verse_end	no_high_confidence_immediate_alignment	O postes de puerta o jambas o muros salientes; aquí y en Ezequiel 40 y 41.
Ezek.40.37	Ezek.40.37-fn1	fallback	verse_end	no_high_confidence_immediate_alignment	LXX y Vulgata (véase también los versículos 26, 31 y 34); hebreo jambas o muro divisor
Ezek.40.38	Ezek.40.38-fn1	fallback	verse_end	no_high_confidence_immediate_alignment	Hebreo en las jambas
Ezek.40.43	Ezek.40.43-fn1	fallback	verse_end	no_high_confidence_immediate_alignment	O estantes
Ezek.40.43	Ezek.40.43-fn2	fallback	verse_end	no_high_confidence_immediate_alignment	Un palmo equivale aproximadamente a 7.4 centímetros de largo.
Ezek.40.49	Ezek.40.49-fn2	fallback	verse_end	no_high_confidence_immediate_alignment	LXX; 12 codos (largos) equivalen aproximadamente a 6.4 metros; hebreo once codos de profundidad; es decir, aproximadamente 5.9 metros.
Ezek.40.49	Ezek.40.49-fn3	fallback	verse_end	source_anchor_word_not_semantically_specific	LXX; hebreo y gradas subían a ella
Ezek.41.4	Ezek.41.4-fn1	fallback	verse_end	no_high_confidence_immediate_alignment	O la longitud del santuario interior
Ezek.41.22	Ezek.41.22-fn1	fallback	verse_end	no_high_confidence_immediate_alignment	O largo; el altar medía aproximadamente 1.6 metros de alto y 1.1 metros de ancho
Ezek.42.3	Ezek.42.3-fn1	fallback	verse_end	no_high_confidence_immediate_alignment	20 codos (largos) equivalen aproximadamente a 10.7 metros.
Ezek.42.4	Ezek.42.4-fn1	fallback	verse_end	no_high_confidence_immediate_alignment	LXX. El pasillo medía aproximadamente 5.3 metros de ancho y 53.3 metros de largo. Hebreo diez codos de ancho y un codo de largo.
Ezek.42.10	Ezek.42.10-fn1	fallback	verse_end	no_high_confidence_immediate_alignment	LXX; hebreo lado este
Ezek.43.3	Ezek.43.3-fn1	fallback	verse_end	no_high_confidence_immediate_alignment	Algunos manuscritos hebreos y Vulgata; la mayoría de los manuscritos hebreos cuando vine
Ezek.43.7	Ezek.43.7-fn1	fallback	verse_end	no_high_confidence_immediate_alignment	O los monumentos; también en el versículo 9
Ezek.43.11	Ezek.43.11-fn1	fallback	verse_end	no_high_confidence_immediate_alignment	Hebreo; LXX y Vulgata y se avergonzarán
Ezek.45.2	Ezek.45.2-fn1	fallback	verse_end	no_high_confidence_immediate_alignment	500 codos (largos) equivalen aproximadamente a 266.7 metros.
Ezek.45.10	Ezek.45.10-fn1	fallback	verse_end	no_high_confidence_immediate_alignment	Un efa es una medida seca de aproximadamente 22 litros.
Ezek.45.12	Ezek.45.12-fn1	fallback	verse_end	no_high_confidence_immediate_alignment	20 gerahs equivalen a un siclo (aproximadamente 11.4 gramos).
Ezek.45.14	Ezek.45.14-fn1	fallback	verse_end	no_high_confidence_immediate_alignment	Es decir, el uno por ciento del aceite; un décimo de bato equivalía aproximadamente a 2.2 litros.
Ezek.45.17	Ezek.45.17-fn1	fallback	verse_end	no_high_confidence_immediate_alignment	O ofrendas de purificación; también en los versículos 19, 22, 23 y 25
Ezek.45.25	Ezek.45.25-fn1	fallback	verse_end	no_high_confidence_immediate_alignment	Es decir, Sucot, la fiesta de peregrinación de otoño a Jerusalén; también traducida como la Fiesta de las Cabañas o la Fiesta de las Enramadas y originalmente llamada la Fiesta de la Cosecha (véase Éxodo 23:16 y Éxodo 34:22).
Ezek.47.16	Ezek.47.16-fn1	fallback	verse_end	no_high_confidence_immediate_alignment	LXX; TM 15... hasta Lebo-Zedad, 16 Hamat, Berota y Sibraim
Ezek.47.18	Ezek.47.18-fn1	fallback	verse_end	no_high_confidence_immediate_alignment	Véase Siríaco; es decir, de Israel, hasta el Mar Muerto y hasta Tamar; hebreo de Israel. Y a lo largo del Mar Oriental medirás.
Ezek.47.19	Ezek.47.19-fn1	fallback	verse_end	no_high_confidence_immediate_alignment	Hebreo no incluye de Egipto.
Ezek.48.12	Ezek.48.12-fn1	fallback	verse_end	no_high_confidence_immediate_alignment	O un Lugar Santísimo
Ezek.48.16	Ezek.48.16-fn1	fallback	verse_end	no_high_confidence_immediate_alignment	4,500 codos (largos) equivalen aproximadamente a 2.4 kilómetros; también en los versículos 30, 32, 33 y 34.
Ezek.48.17	Ezek.48.17-fn1	fallback	verse_end	no_high_confidence_immediate_alignment	250 codos (largos) equivalen aproximadamente a 133.4 metros.
Ezek.48.28	Ezek.48.28-fn1	fallback	verse_end	no_high_confidence_immediate_alignment	Hebreo no incluye de Egipto.
Ezek.48.35	Ezek.48.35-fn1	fallback	verse_end	no_high_confidence_immediate_alignment	18,000 codos (largos) equivalen aproximadamente a 9.6 kilómetros.
Dan.1.2	Dan.1.2-fn1	fallback	verse_end	no_high_confidence_immediate_alignment	Es decir, Babilonia
Dan.1.3	Dan.1.3-fn1	fallback	verse_end	no_high_confidence_immediate_alignment	Hebreo de la simiente del reino
Dan.2.2	Dan.2.2-fn1	fallback	verse_end	no_high_confidence_immediate_alignment	O caldeos; también en los versículos 4, 5 y 10
Dan.2.4	Dan.2.4-fn1	fallback	verse_end	no_high_confidence_immediate_alignment	El texto original desde este punto de Daniel 2:4 hasta Daniel 7:28 está en arameo.
Dan.2.31	Dan.2.31-fn1	fallback	verse_end	no_high_confidence_immediate_alignment	O imagen; aquí y en el resto de Daniel 2
Dan.2.34	Dan.2.34-fn1	fallback	verse_end	source_anchor_word_not_semantically_specific	LXX cortada de una montaña
Dan.2.43	Dan.2.43-fn1	fallback	verse_end	no_high_confidence_immediate_alignment	Arameo la simiente de los hombres
Dan.3.1	Dan.3.1-fn1	fallback	verse_end	no_high_confidence_immediate_alignment	O imagen; aquí y en todo Daniel 3
Dan.3.5	Dan.3.5-fn1	fallback	verse_end	no_high_confidence_immediate_alignment	La identificación precisa de algunos instrumentos musicales en este capítulo es incierta.
Dan.3.8	Dan.3.8-fn1	fallback	verse_end	no_high_confidence_immediate_alignment	O caldeos
Dan.3.17	Dan.3.17-fn1	fallback	verse_end	no_high_confidence_immediate_alignment	O Si así es, entonces el Dios a quien servimos puede
Dan.4.7	Dan.4.7-fn1	fallback	verse_end	no_high_confidence_immediate_alignment	O caldeos
Dan.4.13	Dan.4.13-fn1	fallback	verse_end	no_high_confidence_immediate_alignment	O un vigilante angelical o un mensajero; también en los versículos 17 y 23
Dan.5.1	Dan.5.1-fn1	fallback	verse_end	no_high_confidence_immediate_alignment	Arameo no incluye Después. Algunos traductores incluyen Muchos años después para tener en cuenta el tiempo transcurrido, probablemente unos 30 años, desde el capítulo anterior.
Dan.5.7	Dan.5.7-fn1	fallback	verse_end	no_high_confidence_immediate_alignment	O caldeos; también en el versículo 11
Dan.5.10	Dan.5.10-fn1	fallback	verse_end	no_high_confidence_immediate_alignment	O reina madre
Dan.5.26	Dan.5.26-fn1	fallback	verse_end	no_high_confidence_immediate_alignment	Mene suena como el arameo para contado.
Dan.5.27	Dan.5.27-fn1	fallback	verse_end	no_high_confidence_immediate_alignment	Tekel suena como el arameo para pesado.
Dan.5.28	Dan.5.28-fn1	fallback	verse_end	no_high_confidence_immediate_alignment	Peres (el singular de Parsin) suena como el arameo para dividido y para Persia.
Dan.7.13	Dan.7.13-fn2	fallback	verse_end	no_high_confidence_immediate_alignment	Véase Mateo 24:30, Mateo 26:64, Marcos 13:26, Marcos 14:62, Lucas 21:27, Apocalipsis 1:13 y Apocalipsis 14:14.
Dan.8.12	Dan.8.12-fn1	fallback	verse_end	no_high_confidence_immediate_alignment	O a causa de la transgresión
Dan.8.21	Dan.8.21-fn1	fallback	verse_end	no_high_confidence_immediate_alignment	Hebreo de Javán
Dan.9.25	Dan.9.25-fn1	fallback	verse_end	no_high_confidence_immediate_alignment	O el Ungido; también en el versículo 26
Dan.9.27	Dan.9.27-fn1	fallback	verse_end	no_high_confidence_immediate_alignment	O por un siete; similarmente de nuevo en este versículo
Dan.9.27	Dan.9.27-fn2	fallback	verse_end	no_high_confidence_immediate_alignment	Literalmente Y sobre el ala (vendrá) la abominación que causa desolación, o Y sobre el ala de las abominaciones (vendrá) uno que causa desolación,
Dan.10.1	Dan.10.1-fn1	fallback	verse_end	no_high_confidence_immediate_alignment	O verdadera y muy gravosa
Dan.10.20	Dan.10.20-fn1	fallback	verse_end	no_high_confidence_immediate_alignment	Hebreo de Javán
Dan.11.6	Dan.11.6-fn1	fallback	verse_end	no_high_confidence_immediate_alignment	O descendencia
Dan.11.6	Dan.11.6-fn2	fallback	verse_end	no_high_confidence_immediate_alignment	O niño; véase Vulgata y Siríaco.
Dan.11.7	Dan.11.7-fn1	fallback	verse_end	no_high_confidence_immediate_alignment	Literalmente una rama de sus raíces
Dan.11.30	Dan.11.30-fn1	fallback	verse_end	no_high_confidence_immediate_alignment	O costas occidentales o islas mediterráneas
Dan.11.40	Dan.11.40-fn1	fallback	verse_end	no_high_confidence_immediate_alignment	Hebreo lo empujará
Dan.11.43	Dan.11.43-fn1	fallback	verse_end	no_high_confidence_immediate_alignment	Es decir, personas de la región del Alto Nilo
Dan.12.3	Dan.12.3-fn1	fallback	verse_end	no_high_confidence_immediate_alignment	O extensión o firmamento; véase también Génesis 1:6–8.
Hos.1.6	Hos.1.6-fn1	fallback	verse_end	no_high_confidence_immediate_alignment	Lo-ruhama significa ella no ha recibido misericordia.
Hos.1.9	Hos.1.9-fn1	fallback	verse_end	no_high_confidence_immediate_alignment	Lo-ammi significa no Mi pueblo.
Hos.2.1	Hos.2.1-fn1	fallback	verse_end	no_high_confidence_immediate_alignment	Hebreo Ammi
Hos.2.6	Hos.2.6-fn1	fallback	verse_end	no_high_confidence_immediate_alignment	Hebreo tu camino
Hos.2.15	Hos.2.15-fn1	fallback	verse_end	no_high_confidence_immediate_alignment	Acor significa problema.
Hos.2.23	Hos.2.23-fn1	fallback	verse_end	no_high_confidence_immediate_alignment	Hebreo Lo-ruhama; LXX Amaré a la que no era amada
Hos.3.1	Hos.3.1-fn1	fallback	verse_end	no_high_confidence_immediate_alignment	O Ve a mostrar amor a una mujer que es amada por otro
Hos.4.7	Hos.4.7-fn1	fallback	verse_end	no_high_confidence_immediate_alignment	O intercambiaron su glorioso Dios (Siríaco); TM Intercambiaré su gloria
Hos.4.8	Hos.4.8-fn1	fallback	verse_end	no_high_confidence_immediate_alignment	O las ofrendas por el pecado
Hos.4.18	Hos.4.18-fn1	fallback	verse_end	no_high_confidence_immediate_alignment	Hebreo sus escudos
Hos.4.19	Hos.4.19-fn1	fallback	verse_end	source_anchor_word_not_semantically_specific	Hebreo ha envuelto a ella
Hos.5.7	Hos.5.7-fn1	fallback	verse_end	no_high_confidence_immediate_alignment	O su fiesta de Luna Nueva o el mes venidero
Hos.5.10	Hos.5.10-fn1	fallback	verse_end	no_high_confidence_immediate_alignment	Véase Proverbios 22:28 y Proverbios 23:10.
Hos.6.6	Hos.6.6-fn1	fallback	verse_end	no_high_confidence_immediate_alignment	Citado en Mateo 9:13 y Mateo 12:7
Hos.6.7	Hos.6.7-fn1	fallback	verse_end	no_high_confidence_immediate_alignment	O Como en Adán, han transgredido
Hos.7.6	Hos.7.6-fn1	fallback	verse_end	no_high_confidence_immediate_alignment	Literalmente su panadero duerme
Hos.7.14	Hos.7.14-fn1	fallback	verse_end	no_high_confidence_immediate_alignment	Algunos manuscritos hebreos y LXX; véase 1 Reyes 18:28. La mayoría de los manuscritos hebreos Se reúnen
Hos.8.5	Hos.8.5-fn1	fallback	verse_end	no_high_confidence_immediate_alignment	O ídolo de becerro; véase 1 Reyes 12:29.
Hos.10.8	Hos.10.8-fn1	fallback	verse_end	no_high_confidence_immediate_alignment	O de maldad; Avén es una referencia a Bet-avén (un término despectivo para Bet-el); véase el versículo 5.
Hos.11.2	Hos.11.2-fn1	fallback	verse_end	no_high_confidence_immediate_alignment	LXX; hebreo Cuanto más los llamaban, más se iban de ellos.
Hos.11.3	Hos.11.3-fn1	fallback	verse_end	no_high_confidence_immediate_alignment	Es decir, el reino del norte de Israel; también en los versículos 8, 9 y 12
Hos.12.12	Hos.12.12-fn1	fallback	verse_end	no_high_confidence_immediate_alignment	Es decir, el noroeste de Mesopotamia
Hos.13.10	Hos.13.10-fn1	fallback	verse_end	no_high_confidence_immediate_alignment	O ¿Seré yo tu Rey ahora
Hos.13.14	Hos.13.14-fn2	fallback	verse_end	no_high_confidence_immediate_alignment	LXX ¿Dónde, oh Muerte, está tu castigo? ¿Dónde, oh Hades, está tu aguijón? Citado en 1 Corintios 15:55
Joel.2.25	Joel.2.25-fn1	fallback	verse_end	no_high_confidence_immediate_alignment	La identificación precisa de las cuatro clases de insectos mencionados aquí es incierta.
Joel.2.30	Joel.2.30-fn1	fallback	verse_end	no_high_confidence_immediate_alignment	LXX nubes o oleajes
Joel.2.31	Joel.2.31-fn1	fallback	verse_end	no_high_confidence_immediate_alignment	O terrible; LXX glorioso
Joel.3.13	Joel.3.13-fn1	fallback	verse_end	no_high_confidence_immediate_alignment	LXX la siega ha llegado; véase también Marcos 4:29.
Joel.3.21	Joel.3.21-fn1	fallback	verse_end	no_high_confidence_immediate_alignment	O Porque perdonaré su culpa de sangre, que no he perdonado todavía.
Amos.1.1	Amos.1.1-fn1	fallback	verse_end	no_high_confidence_immediate_alignment	O criadores de ovejas
Amos.1.1	Amos.1.1-fn2	fallback	verse_end	no_high_confidence_immediate_alignment	O durante los dos años
Amos.1.3	Amos.1.3-fn1	fallback	verse_end	no_high_confidence_immediate_alignment	O No revocaré el castigo; hebreo No lo revocaré; también en los versículos 6, 9, 11 y 13
Amos.1.5	Amos.1.5-fn1	fallback	verse_end	no_high_confidence_immediate_alignment	O los habitantes
Amos.1.5	Amos.1.5-fn2	fallback	verse_end	no_high_confidence_immediate_alignment	Avén significa maldad.
Amos.1.15	Amos.1.15-fn1	fallback	verse_end	no_high_confidence_immediate_alignment	Posiblemente Milcom irá al exilio; Milcom, también llamado Moloc, era el dios de los amonitas; véase Levítico 18:21 y 1 Reyes 11:7.
Amos.2.1	Amos.2.1-fn1	fallback	verse_end	no_high_confidence_immediate_alignment	O No revocaré el castigo; hebreo No lo revocaré; también en los versículos 4 y 6
Amos.2.8	Amos.2.8-fn1	fallback	verse_end	no_high_confidence_immediate_alignment	O de sus dioses
Amos.3.2	Amos.3.2-fn1	fallback	verse_end	no_high_confidence_immediate_alignment	O escogido
Amos.4.3	Amos.4.3-fn1	fallback	verse_end	no_high_confidence_immediate_alignment	Es decir, posiblemente el Monte Hermón
Amos.4.11	Amos.4.11-fn1	fallback	verse_end	no_high_confidence_immediate_alignment	Es decir, un tizón ardiente
Amos.5.26	Amos.5.26-fn1	fallback	verse_end	no_high_confidence_immediate_alignment	LXX Habéis llevado el tabernáculo de Moloc y la estrella de vuestro dios Refán
Amos.6.10	Amos.6.10-fn1	fallback	verse_end	no_high_confidence_immediate_alignment	O para hacer un fuego funerario en honor a los muertos
Amos.6.12	Amos.6.12-fn1	fallback	verse_end	no_high_confidence_immediate_alignment	Literalmente ¿Se ara (allí)
Amos.6.13	Amos.6.13-fn1	fallback	verse_end	no_high_confidence_immediate_alignment	Lo-debar significa nada.
Amos.6.13	Amos.6.13-fn2	fallback	verse_end	no_high_confidence_immediate_alignment	Carnaim significa cuerno, un símbolo de fuerza.
Amos.7.14	Amos.7.14-fn1	fallback	verse_end	source_anchor_word_not_semantically_specific	O Yo no soy
Amos.7.17	Amos.7.17-fn1	fallback	verse_end	no_high_confidence_immediate_alignment	Hebreo inmundo
Amos.8.3	Amos.8.3-fn1	fallback	verse_end	no_high_confidence_immediate_alignment	O las cantoras
Amos.8.3	Amos.8.3-fn2	fallback	verse_end	no_high_confidence_immediate_alignment	O palacio
Amos.8.5	Amos.8.5-fn1	fallback	verse_end	no_high_confidence_immediate_alignment	O Reduzcamos la medida y aumentemos el precio
Amos.9.3	Amos.9.3-fn1	fallback	verse_end	no_high_confidence_immediate_alignment	Hebreo nachash; traducido en la mayoría de los casos como culebra
Amos.9.7	Amos.9.7-fn1	fallback	verse_end	no_high_confidence_immediate_alignment	Es decir, personas de la región del Alto Nilo
Amos.9.7	Amos.9.7-fn2	fallback	verse_end	no_high_confidence_immediate_alignment	Es decir, Creta
Amos.9.12	Amos.9.12-fn1	fallback	verse_end	no_high_confidence_immediate_alignment	Hebreo; LXX que el remanente de los hombres, y todas las naciones que llevan Mi nombre, me busquen con diligencia; citado en Hechos 15:16–18
Amos.9.14	Amos.9.14-fn1	fallback	verse_end	no_high_confidence_immediate_alignment	O restaurar la prosperidad de Mi pueblo Israel
Obad.1.3	Obad.1.3-fn1	fallback	verse_end	no_high_confidence_immediate_alignment	O en los escondrijos de Sela
Obad.1.12	Obad.1.12-fn1	fallback	verse_end	no_high_confidence_immediate_alignment	Hebreo ni ensanches tu boca
Obad.1.21	Obad.1.21-fn1	fallback	verse_end	no_high_confidence_immediate_alignment	O Los libertadores subirán de; LXX Los que son librados subirán
Jonah.1.13	Jonah.1.13-fn1	fallback	verse_end	no_high_confidence_immediate_alignment	Hebreo los hombres cavaron
Jonah.4.6	Jonah.4.6-fn1	fallback	verse_end	no_high_confidence_immediate_alignment	Hebreo qiqayón; es decir, posiblemente la planta de ricino; también en los versículos 7, 9 y 10
Mic.1.8	Mic.1.8-fn1	fallback	verse_end	no_high_confidence_immediate_alignment	O una serpiente o un dragón
Mic.1.11	Mic.1.11-fn1	fallback	verse_end	no_high_confidence_immediate_alignment	Safir significa agradable.
Mic.1.11	Mic.1.11-fn2	fallback	verse_end	no_high_confidence_immediate_alignment	Zaanán suena como el hebreo para salir.
Mic.1.11	Mic.1.11-fn3	fallback	verse_end	no_high_confidence_immediate_alignment	Bet-ezel significa casa contigua.
Mic.1.12	Mic.1.12-fn1	fallback	verse_end	no_high_confidence_immediate_alignment	Marot suena como el hebreo para amargo.
Mic.1.14	Mic.1.14-fn1	fallback	verse_end	no_high_confidence_immediate_alignment	O dar dote
Mic.1.14	Mic.1.14-fn2	fallback	verse_end	no_high_confidence_immediate_alignment	Moreset suena como el hebreo para regalo o dote.
Mic.1.14	Mic.1.14-fn3	fallback	verse_end	no_high_confidence_immediate_alignment	Aczib significa engaño.
Mic.1.15	Mic.1.15-fn1	fallback	verse_end	no_high_confidence_immediate_alignment	Maresa suena como el hebreo para conquistador.
Mic.2.11	Mic.2.11-fn1	fallback	verse_end	no_high_confidence_immediate_alignment	O “Te profetizaré vino y licor”
Mic.4.8	Mic.4.8-fn1	fallback	verse_end	no_high_confidence_immediate_alignment	O colina; hebreo Y tú, Migdal-eder, el Ofel
Mic.4.13	Mic.4.13-fn1	fallback	verse_end	no_high_confidence_immediate_alignment	O dedicar a la destrucción
Mic.5.2	Mic.5.2-fn1	fallback	verse_end	no_high_confidence_immediate_alignment	O millares
Mic.6.5	Mic.6.5-fn1	fallback	verse_end	no_high_confidence_immediate_alignment	O Arboleda de Acacias
Mic.7.4	Mic.7.4-fn1	fallback	verse_end	no_high_confidence_immediate_alignment	O tu castigo
Mic.7.14	Mic.7.14-fn1	fallback	verse_end	no_high_confidence_immediate_alignment	O en un bosque, en medio del Carmelo
Nah.1.8	Nah.1.8-fn1	fallback	verse_end	no_high_confidence_immediate_alignment	Literalmente de su lugar
Nah.2.1	Nah.2.1-fn1	fallback	verse_end	no_high_confidence_immediate_alignment	Hebreo ¡Fortalecen sus lomos!
Nah.3.8	Nah.3.8-fn1	fallback	verse_end	no_high_confidence_immediate_alignment	Hebreo No-amon
Nah.3.17	Nah.3.17-fn1	fallback	verse_end	no_high_confidence_immediate_alignment	O príncipes
Nah.3.17	Nah.3.17-fn2	fallback	verse_end	no_high_confidence_immediate_alignment	O mariscales
Hab.1.5	Hab.1.5-fn1	fallback	verse_end	no_high_confidence_immediate_alignment	LXX Mirad, escarnecedores, maravillaos y pereced!
Hab.1.15	Hab.1.15-fn1	fallback	verse_end	source_anchor_word_not_semantically_specific	Literalmente Él los atrae a todos
Hab.2.4	Hab.2.4-fn1	fallback	verse_end	no_high_confidence_immediate_alignment	LXX Si se apartare, mi alma no se complacerá en él
Hab.2.5	Hab.2.5-fn1	fallback	verse_end	no_high_confidence_immediate_alignment	DSS; TM vino
Hab.2.16	Hab.2.16-fn1	fallback	verse_end	no_high_confidence_immediate_alignment	DSS, LXX y Siríaco y tambalearse
Zeph.1.3	Zeph.1.3-fn1	fallback	verse_end	no_high_confidence_immediate_alignment	O y los ídolos que hacen tropezar a los impíos
Zeph.1.9	Zeph.1.9-fn1	fallback	verse_end	no_high_confidence_immediate_alignment	Véase 1 Samuel 5:5.
Zeph.1.9	Zeph.1.9-fn2	fallback	verse_end	no_high_confidence_immediate_alignment	O el templo de sus dioses
Zeph.1.10	Zeph.1.10-fn1	fallback	verse_end	no_high_confidence_immediate_alignment	O el Segundo Barrio, una sección más nueva de Jerusalén; hebreo el Misené
Zeph.1.11	Zeph.1.11-fn1	fallback	verse_end	no_high_confidence_immediate_alignment	O el distrito del mercado o el Mortero
Zeph.1.11	Zeph.1.11-fn2	fallback	verse_end	no_high_confidence_immediate_alignment	O todo el pueblo de Canaán
Zeph.1.12	Zeph.1.12-fn1	fallback	verse_end	no_high_confidence_immediate_alignment	O espesándose en las heces
Zeph.2.2	Zeph.2.2-fn1	fallback	verse_end	no_high_confidence_immediate_alignment	Hebreo ha dado a luz
Zeph.2.6	Zeph.2.6-fn1	fallback	verse_end	no_high_confidence_immediate_alignment	O cuevas o campamentos
Zeph.2.12	Zeph.2.12-fn1	fallback	verse_end	no_high_confidence_immediate_alignment	Es decir, personas de la región del Alto Nilo
Zeph.2.14	Zeph.2.14-fn1	fallback	verse_end	no_high_confidence_immediate_alignment	Hebreo bestias de toda nación
Zeph.2.14	Zeph.2.14-fn2	fallback	verse_end	no_high_confidence_immediate_alignment	La identificación precisa de los animales traducidos como lechuza y autillo es incierta.
Zeph.3.8	Zeph.3.8-fn1	fallback	verse_end	no_high_confidence_immediate_alignment	LXX y Siríaco; hebreo levántate a saquear
Zeph.3.20	Zeph.3.20-fn1	fallback	verse_end	no_high_confidence_immediate_alignment	O tu prosperidad
Hag.1.1	Hag.1.1-fn1	fallback	verse_end	no_high_confidence_immediate_alignment	Jehozadac es una variante de Jozadac; también en los versículos 12 y 14; véase Esdras 3:2.
Hag.2.2	Hag.2.2-fn1	fallback	verse_end	no_high_confidence_immediate_alignment	Jehozadac es una variante de Jozadac; también en el versículo 4; véase Esdras 3:2.
Hag.2.15	Hag.2.15-fn1	fallback	verse_end	no_high_confidence_immediate_alignment	O atrás; también en el versículo 18
Hag.2.16	Hag.2.16-fn1	fallback	verse_end	no_high_confidence_immediate_alignment	Literalmente un montón de veinte
Hag.2.16	Hag.2.16-fn2	fallback	verse_end	no_high_confidence_immediate_alignment	Literalmente sacar cincuenta del lagar
Zech.1.7	Zech.1.7-fn1	fallback	verse_end	no_high_confidence_immediate_alignment	Sebat es el undécimo mes del calendario lunar hebreo, que generalmente ocurría dentro de los meses de enero y febrero.
Zech.2.8	Zech.2.8-fn2	fallback	verse_end	no_high_confidence_immediate_alignment	O la pupila
Zech.3.1	Zech.3.1-fn2	fallback	verse_end	no_high_confidence_immediate_alignment	Es decir, el Acusador o el Adversario; también en el versículo 2
Zech.3.2	Zech.3.2-fn1	fallback	verse_end	no_high_confidence_immediate_alignment	Es decir, un tizón ardiente
Zech.4.10	Zech.4.10-fn1	fallback	verse_end	no_high_confidence_immediate_alignment	O facetas
Zech.4.10	Zech.4.10-fn2	fallback	verse_end	no_high_confidence_immediate_alignment	O la piedra angular escogida
Zech.4.14	Zech.4.14-fn1	fallback	verse_end	no_high_confidence_immediate_alignment	Hebreo los dos hijos de aceite nuevo
Zech.5.6	Zech.5.6-fn1	fallback	verse_end	no_high_confidence_immediate_alignment	O Un efa
Zech.5.6	Zech.5.6-fn2	fallback	verse_end	no_high_confidence_immediate_alignment	Un manuscrito hebreo, LXX y Siríaco; la mayoría de los manuscritos hebreos su apariencia o (literalmente) su ojo
Zech.5.11	Zech.5.11-fn1	fallback	verse_end	no_high_confidence_immediate_alignment	Es decir, Babilonia
Zech.6.5	Zech.6.5-fn1	fallback	verse_end	no_high_confidence_immediate_alignment	O vientos
Zech.6.6	Zech.6.6-fn1	fallback	verse_end	no_high_confidence_immediate_alignment	O el de los caballos blancos detrás de ellos
Zech.6.13	Zech.6.13-fn1	fallback	verse_end	no_high_confidence_immediate_alignment	O Y habrá un sacerdote en Su trono
Zech.6.14	Zech.6.14-fn1	fallback	verse_end	no_high_confidence_immediate_alignment	Hebreo; Siríaco Heldai; véase el versículo 10.
Zech.6.14	Zech.6.14-fn2	fallback	verse_end	no_high_confidence_immediate_alignment	O y Hen; Siríaco y Josías; véase el versículo 10.
Zech.8.6	Zech.8.6-fn1	fallback	verse_end	no_high_confidence_immediate_alignment	O maravilloso; dos veces en este versículo
Zech.9.7	Zech.9.7-fn1	fallback	verse_end	no_high_confidence_immediate_alignment	O como un líder
Zech.9.9	Zech.9.9-fn1	fallback	verse_end	no_high_confidence_immediate_alignment	O justo y dotado de salvación
Zech.9.13	Zech.9.13-fn1	fallback	verse_end	no_high_confidence_immediate_alignment	Hebreo los hijos de Javán
Zech.10.3	Zech.10.3-fn1	fallback	verse_end	no_high_confidence_immediate_alignment	O estos machos cabríos
Zech.11.2	Zech.11.2-fn1	fallback	verse_end	no_high_confidence_immediate_alignment	O pino o enebro o abeto
Zech.11.10	Zech.11.10-fn1	fallback	verse_end	no_high_confidence_immediate_alignment	O la quebró; similarmente en el versículo 14
Zech.12.10	Zech.12.10-fn2	fallback	verse_end	no_high_confidence_immediate_alignment	O a Mí
Zech.12.10	Zech.12.10-fn3	fallback	verse_end	no_high_confidence_immediate_alignment	Citado en Juan 19:37
Zech.13.2	Zech.13.2-fn1	fallback	verse_end	no_high_confidence_immediate_alignment	O el espíritu inmundo
Zech.13.6	Zech.13.6-fn1	fallback	verse_end	no_high_confidence_immediate_alignment	Literalmente entre tus manos
Zech.13.7	Zech.13.7-fn1	fallback	verse_end	no_high_confidence_immediate_alignment	Citado en Mateo 26:31 y Marcos 14:27
Zech.14.20	Zech.14.20-fn1	fallback	verse_end	no_high_confidence_immediate_alignment	Es decir, el SEÑOR
Zech.14.21	Zech.14.21-fn1	fallback	verse_end	no_high_confidence_immediate_alignment	O mercader
Mal.1.3	Mal.1.3-fn1	fallback	verse_end	no_high_confidence_immediate_alignment	Citado en Romanos 9:13
Mal.1.7	Mal.1.7-fn1	fallback	verse_end	source_anchor_word_not_semantically_specific	LXX la profanó
Mal.2.3	Mal.2.3-fn1	fallback	verse_end	no_high_confidence_immediate_alignment	O Haré que tu grano se eche a perder
Mal.2.16	Mal.2.16-fn1	fallback	verse_end	no_high_confidence_immediate_alignment	Literalmente “Porque Él aborrece el repudio,” dice el SEÑOR, el Dios de Israel. “Y cubre su vestido con violencia,”
Mal.3.1	Mal.3.1-fn1	fallback	verse_end	no_high_confidence_immediate_alignment	Citado en Mateo 11:10, Marcos 1:2 y Lucas 7:27
Mal.3.11	Mal.3.11-fn1	fallback	verse_end	no_high_confidence_immediate_alignment	El devorador es probablemente un nombre para una plaga que destruye los cultivos.
Mal.4.5	Mal.4.5-fn1	fallback	verse_end	no_high_confidence_immediate_alignment	O terrible; LXX glorioso
Matt.1.10	Matt.1.10-fn1	fallback	verse_end	no_high_confidence_immediate_alignment	Griego Amós, una variante ortográfica de Amón; dos veces en este versículo; véase 1 Crónicas 3:14.
Matt.1.23	Matt.1.23-fn2	fallback	verse_end	no_high_confidence_immediate_alignment	Véase Isaías 7:14, Isaías 8:8 e Isaías 8:10.
Matt.1.25	Matt.1.25-fn1	fallback	verse_end	source_anchor_word_not_semantically_specific	Literalmente no la conoció
Matt.3.16	Matt.3.16-fn1	fallback	verse_end	no_high_confidence_immediate_alignment	NA, BYZ y TR los cielos se le abrieron
Matt.5.22	Matt.5.22-fn2	fallback	verse_end	no_high_confidence_immediate_alignment	Raca es una expresión aramea de desprecio.
Matt.5.22	Matt.5.22-fn3	fallback	verse_end	no_high_confidence_immediate_alignment	O el Concilio
Matt.5.32	Matt.5.32-fn1	fallback	verse_end	source_anchor_word_not_semantically_specific	O la hace cometer adulterio
Matt.5.41	Matt.5.41-fn1	fallback	verse_end	no_high_confidence_immediate_alignment	Griego un milion; es decir, una milla romana, aproximadamente 1,480 metros
Matt.6.1	Matt.6.1-fn1	fallback	verse_end	no_high_confidence_immediate_alignment	BYZ y TR obras de caridad o limosnas
Matt.6.19	Matt.6.19-fn1	fallback	verse_end	no_high_confidence_immediate_alignment	O gusano; también en el versículo 20
Matt.6.22	Matt.6.22-fn1	fallback	verse_end	no_high_confidence_immediate_alignment	Literalmente Si tu ojo es sano; véase Proverbios 22:9
Matt.6.23	Matt.6.23-fn1	fallback	verse_end	no_high_confidence_immediate_alignment	Literalmente si tu ojo es malo; véase Proverbios 23:6 y Proverbios 28:22
Matt.8.6	Matt.8.6-fn1	fallback	verse_end	no_high_confidence_immediate_alignment	O criado; también en el versículo 13
Matt.8.28	Matt.8.28-fn1	fallback	verse_end	no_high_confidence_immediate_alignment	BYZ, TR y GOC Gergesenos; otros manuscritos Gerasenos
Matt.9.2	Matt.9.2-fn1	fallback	verse_end	no_high_confidence_immediate_alignment	Literalmente Y he aquí, trajeron
Matt.9.4	Matt.9.4-fn1	fallback	verse_end	no_high_confidence_immediate_alignment	NA, BYZ y TR vieron
Matt.9.13	Matt.9.13-fn1	fallback	verse_end	no_high_confidence_immediate_alignment	Oseas 6:6
Matt.9.14	Matt.9.14-fn1	fallback	verse_end	no_high_confidence_immediate_alignment	NE y WH no incluyen tan a menudo.
Matt.10.4	Matt.10.4-fn1	fallback	verse_end	no_high_confidence_immediate_alignment	Griego Simón el Cananeo
Matt.10.8	Matt.10.8-fn1	fallback	verse_end	no_high_confidence_immediate_alignment	Un leproso era uno afligido con una enfermedad de la piel. Véase Levítico 13.
Matt.10.11	Matt.10.11-fn1	fallback	verse_end	no_high_confidence_immediate_alignment	Literalmente quédate allí
Matt.10.29	Matt.10.29-fn1	fallback	verse_end	no_high_confidence_immediate_alignment	Griego un asario; es decir, una moneda de cobre romana que vale aproximadamente 1/16 de un denario
Matt.11.12	Matt.11.12-fn1	fallback	verse_end	no_high_confidence_immediate_alignment	O está avanzando con fuerza
Matt.12.4	Matt.12.4-fn1	fallback	verse_end	no_high_confidence_immediate_alignment	O el Pan de la Presencia
Matt.12.7	Matt.12.7-fn1	fallback	verse_end	no_high_confidence_immediate_alignment	Oseas 6:6
Matt.12.24	Matt.12.24-fn1	fallback	verse_end	no_high_confidence_immediate_alignment	WH Beezeboul; Vulgata Beelzebub; también en el versículo 27
Matt.13.19	Matt.13.19-fn1	fallback	verse_end	no_high_confidence_immediate_alignment	Literalmente el que fue sembrado; también en los versículos 20, 22 y 23
Matt.14.24	Matt.14.24-fn1	fallback	verse_end	no_high_confidence_immediate_alignment	Griego muchos estadios; un estadio era de aproximadamente 185 metros
Matt.14.30	Matt.14.30-fn1	fallback	verse_end	no_high_confidence_immediate_alignment	Literalmente cuando vio el fuerte viento; NE y WH no incluyen fuerte.
Matt.15.6	Matt.15.6-fn1	fallback	verse_end	source_anchor_word_not_semantically_specific	NE y TR (véase también Marcos 7:12); literalmente no necesita honrar a su padre o a su madre; SBL, NA, WH, BYZ no incluyen o madre.
Matt.15.14	Matt.15.14-fn1	fallback	verse_end	no_high_confidence_immediate_alignment	O guías ciegos de ciegos
Matt.15.27	Matt.15.27-fn1	fallback	verse_end	no_high_confidence_immediate_alignment	O perrillos
Matt.17.4	Matt.17.4-fn1	fallback	verse_end	no_high_confidence_immediate_alignment	O tres tabernáculos
Matt.17.5	Matt.17.5-fn1	fallback	verse_end	no_high_confidence_immediate_alignment	Citado en 2 Pedro 1:17
Matt.17.24	Matt.17.24-fn1	fallback	verse_end	no_high_confidence_immediate_alignment	Griego el dídracma; dos veces en este versículo
Matt.17.27	Matt.17.27-fn1	fallback	verse_end	no_high_confidence_immediate_alignment	Griego un estater; es decir, una moneda de plata que vale aproximadamente un siclo
Matt.18.15	Matt.18.15-fn1	fallback	verse_end	source_anchor_word_not_semantically_specific	NE y WH no incluyen contra ti.
Matt.19.17	Matt.19.17-fn1	fallback	verse_end	no_high_confidence_immediate_alignment	BYZ y TR 16...“Maestro bueno, ¿qué bien debo hacer para obtener la vida eterna?” 17 “¿Por qué me llamas bueno?” Véase Marcos 10:17–18 y Lucas 18:18–19.
Matt.19.28	Matt.19.28-fn1	fallback	verse_end	no_high_confidence_immediate_alignment	O en la regeneración
Matt.20.2	Matt.20.2-fn1	fallback	verse_end	no_high_confidence_immediate_alignment	Un denario era normalmente el salario de un día de un jornalero; similarmente en los versículos 9, 10 y 13.
Matt.20.5	Matt.20.5-fn1	fallback	verse_end	no_high_confidence_immediate_alignment	Es decir, alrededor del mediodía y nuevamente alrededor de las tres de la tarde
Matt.20.22	Matt.20.22-fn1	fallback	verse_end	no_high_confidence_immediate_alignment	BYZ incluye o ser bautizados con el bautismo con que yo soy bautizado. TR es similar.
Matt.20.23	Matt.20.23-fn1	fallback	verse_end	no_high_confidence_immediate_alignment	BYZ y TR incluyen y ser bautizados con el bautismo con que yo soy bautizado.
Matt.21.9	Matt.21.9-fn2	fallback	verse_end	no_high_confidence_immediate_alignment	Salmos 118:26
Matt.21.13	Matt.21.13-fn1	fallback	verse_end	no_high_confidence_immediate_alignment	Isaías 56:7
Matt.21.16	Matt.21.16-fn1	fallback	verse_end	no_high_confidence_immediate_alignment	Salmos 8:2 (véase también LXX)
Matt.23.4	Matt.23.4-fn1	fallback	verse_end	no_high_confidence_immediate_alignment	SBL, NE y WH Atan cargas pesadas
Matt.23.26	Matt.23.26-fn1	fallback	verse_end	no_high_confidence_immediate_alignment	NA no incluye y plato.
Matt.23.32	Matt.23.32-fn1	fallback	verse_end	source_anchor_word_not_semantically_specific	O Adelante, entonces, y completad
Matt.24.15	Matt.24.15-fn1	fallback	verse_end	no_high_confidence_immediate_alignment	Véase Daniel 9:27, Daniel 11:31 y Daniel 12:11.
Matt.24.32	Matt.24.32-fn1	fallback	verse_end	no_high_confidence_immediate_alignment	O esta parábola
Matt.24.33	Matt.24.33-fn1	fallback	verse_end	no_high_confidence_immediate_alignment	O está cerca
Matt.24.36	Matt.24.36-fn1	fallback	verse_end	no_high_confidence_immediate_alignment	BYZ y TR no incluyen ni el Hijo.
Matt.25.16	Matt.25.16-fn1	fallback	verse_end	no_high_confidence_immediate_alignment	O 15... Y en seguida se fue. 16... fue y los puso a trabajar. Los traductores varían en cuanto a la colocación del adverbio griego eutheōs (en seguida) al final del versículo 15 o al principio del versículo 16.
Matt.26.11	Matt.26.11-fn1	fallback	verse_end	source_anchor_word_not_semantically_specific	Véase Deuteronomio 15:11.
Matt.26.50	Matt.26.50-fn1	fallback	verse_end	source_anchor_word_not_semantically_specific	O “Amigo,” respondió Jesús, “¿para qué has venido?”
Matt.26.59	Matt.26.59-fn1	fallback	verse_end	no_high_confidence_immediate_alignment	O todo el Concilio
Matt.27.38	Matt.27.38-fn1	fallback	verse_end	no_high_confidence_immediate_alignment	O insurrectos; también en el versículo 44
Matt.27.43	Matt.27.43-fn1	fallback	verse_end	no_high_confidence_immediate_alignment	Salmos 22:8
Matt.27.45	Matt.27.45-fn1	fallback	verse_end	no_high_confidence_immediate_alignment	Es decir, desde el mediodía hasta las tres de la tarde
Matt.27.46	Matt.27.46-fn1	fallback	verse_end	no_high_confidence_immediate_alignment	NE y WH Eloi, Eloi
Matt.27.48	Matt.27.48-fn1	fallback	verse_end	no_high_confidence_immediate_alignment	O lo llenó de vinagre
Matt.28.9	Matt.28.9-fn1	fallback	verse_end	no_high_confidence_immediate_alignment	BYZ y TR Ellas iban a decir a sus discípulos, y de repente
Matt.28.19	Matt.28.19-fn1	fallback	verse_end	no_high_confidence_immediate_alignment	Literalmente Id, pues, y haced discípulos
Mark.2.16	Mark.2.16-fn1	fallback	verse_end	no_high_confidence_immediate_alignment	BYZ y TR incluyen y beber; véase Lucas 5:30.
Mark.3.14	Mark.3.14-fn1	fallback	verse_end	no_high_confidence_immediate_alignment	SBL, NE, BYZ y TR no incluyen a quienes designó apóstoles
Mark.3.20	Mark.3.20-fn1	fallback	verse_end	no_high_confidence_immediate_alignment	Literalmente Entonces viene a una casa
Mark.4.15	Mark.4.15-fn1	fallback	verse_end	no_high_confidence_immediate_alignment	O la palabra; similarmente en los versículos 16, 18 y 20; literalmente Ahora estos son los que
Mark.5.36	Mark.5.36-fn1	fallback	verse_end	no_high_confidence_immediate_alignment	O ignoró
Mark.6.3	Mark.6.3-fn1	fallback	verse_end	no_high_confidence_immediate_alignment	Joses es una variante de José; véase Mateo 13:55.
Mark.6.8	Mark.6.8-fn1	fallback	verse_end	no_high_confidence_immediate_alignment	O monedas de cobre
Mark.6.14	Mark.6.14-fn1	fallback	verse_end	no_high_confidence_immediate_alignment	Literalmente decían; algunos manuscritos decía
Mark.6.22	Mark.6.22-fn1	fallback	verse_end	no_high_confidence_immediate_alignment	Algunos manuscritos antiguos Cuando su hija Herodías
Mark.7.9	Mark.7.9-fn1	fallback	verse_end	no_high_confidence_immediate_alignment	NA establecen
Mark.7.28	Mark.7.28-fn1	fallback	verse_end	no_high_confidence_immediate_alignment	O perrillos
Mark.8.9	Mark.8.9-fn1	fallback	verse_end	no_high_confidence_immediate_alignment	Hombres está implícito aquí, es decir, además de mujeres y niños; véase Mateo 15:38.
Mark.8.18	Mark.8.18-fn1	fallback	verse_end	no_high_confidence_immediate_alignment	Véase Deuteronomio 29:4, Isaías 42:20, Jeremías 5:21 y Ezequiel 12:2.
Mark.9.5	Mark.9.5-fn1	fallback	verse_end	no_high_confidence_immediate_alignment	O tres tabernáculos
Mark.9.18	Mark.9.18-fn1	fallback	verse_end	no_high_confidence_immediate_alignment	O y se está consumiendo
Mark.9.24	Mark.9.24-fn1	fallback	verse_end	source_anchor_word_not_semantically_specific	BYZ y TR clamó con lágrimas
Mark.9.43	Mark.9.43-fn1	fallback	verse_end	no_high_confidence_immediate_alignment	Griego Gehena; también en los versículos 45 y 47
Mark.10.40	Mark.10.40-fn1	fallback	verse_end	source_anchor_word_not_semantically_specific	Literalmente Mío para darlo, pero para quienes
Mark.11.19	Mark.11.19-fn1	fallback	verse_end	no_high_confidence_immediate_alignment	Literalmente ellos salieron; BYZ y TR Él salió
Mark.12.12	Mark.12.12-fn1	fallback	verse_end	no_high_confidence_immediate_alignment	Literalmente buscaban
Mark.12.15	Mark.12.15-fn1	fallback	verse_end	no_high_confidence_immediate_alignment	Un denario era normalmente el salario de un día de un jornalero; véase Mateo 20:2.
Mark.12.23	Mark.12.23-fn1	fallback	verse_end	source_anchor_word_not_semantically_specific	Literalmente En la resurrección, cuando resuciten,
Mark.12.31	Mark.12.31-fn1	fallback	verse_end	no_high_confidence_immediate_alignment	Levítico 19:18
Mark.13.14	Mark.13.14-fn1	fallback	verse_end	no_high_confidence_immediate_alignment	Véase Daniel 9:27, Daniel 11:31 y Daniel 12:11; BYZ y TR incluyen hablada por el profeta Daniel.
Mark.13.14	Mark.13.14-fn2	fallback	verse_end	source_anchor_word_not_semantically_specific	O donde no debe estar
Mark.13.28	Mark.13.28-fn1	fallback	verse_end	no_high_confidence_immediate_alignment	O esta parábola
Mark.13.29	Mark.13.29-fn1	fallback	verse_end	no_high_confidence_immediate_alignment	O está cerca
Mark.13.33	Mark.13.33-fn1	fallback	verse_end	no_high_confidence_immediate_alignment	BYZ y TR Estad alerta, velad y orad!
Mark.14.7	Mark.14.7-fn1	fallback	verse_end	source_anchor_word_not_semantically_specific	Véase Deuteronomio 15:11.
Mark.14.20	Mark.14.20-fn1	fallback	verse_end	no_high_confidence_immediate_alignment	Literalmente el que moja
Mark.14.27	Mark.14.27-fn1	fallback	verse_end	no_high_confidence_immediate_alignment	BYZ y TR incluyen a causa de Mí esta noche; véase Mateo 26:31.
Mark.15.1	Mark.15.1-fn1	fallback	verse_end	no_high_confidence_immediate_alignment	O todo el Concilio
Mark.15.6	Mark.15.6-fn1	fallback	verse_end	no_high_confidence_immediate_alignment	Literalmente En la fiesta solía soltarles
Mark.15.25	Mark.15.25-fn1	fallback	verse_end	no_high_confidence_immediate_alignment	Es decir, las nueve de la mañana
Mark.15.33	Mark.15.33-fn1	fallback	verse_end	no_high_confidence_immediate_alignment	Es decir, desde el mediodía hasta las tres de la tarde
Mark.15.36	Mark.15.36-fn1	fallback	verse_end	no_high_confidence_immediate_alignment	O una esponja con vinagre
Mark.15.39	Mark.15.39-fn1	fallback	verse_end	no_high_confidence_immediate_alignment	BYZ y TR vieron que, después de haber clamado, había exhalado el último aliento
Mark.15.40	Mark.15.40-fn1	fallback	verse_end	no_high_confidence_immediate_alignment	Joses es una variante de José; véase Mateo 27:56.
Mark.16.9	Mark.16.9-fn1	fallback	verse_end	no_high_confidence_immediate_alignment	O Después que Jesús resucitó temprano el primer día de la semana
Luke.1.17	Luke.1.17-fn1	fallback	verse_end	no_high_confidence_immediate_alignment	Malaquías 4:5–6
Luke.1.28	Luke.1.28-fn1	fallback	verse_end	no_high_confidence_immediate_alignment	O Alégrate
Luke.1.35	Luke.1.35-fn1	fallback	verse_end	no_high_confidence_immediate_alignment	TR nacido de ti
Luke.1.78	Luke.1.78-fn1	fallback	verse_end	no_high_confidence_immediate_alignment	O la Luz de la Mañana o el Amanecer
Luke.2.2	Luke.2.2-fn1	fallback	verse_end	no_high_confidence_immediate_alignment	O Este fue el censo antes de
Luke.2.23	Luke.2.23-fn1	fallback	verse_end	no_high_confidence_immediate_alignment	Éxodo 13:2
Luke.2.37	Luke.2.37-fn1	fallback	verse_end	no_high_confidence_immediate_alignment	O era viuda por ochenta y cuatro años
Luke.2.40	Luke.2.40-fn1	fallback	verse_end	no_high_confidence_immediate_alignment	BYZ y TR se fortalecía en espíritu
Luke.2.49	Luke.2.49-fn1	fallback	verse_end	no_high_confidence_immediate_alignment	O debía estar en los asuntos de mi Padre
Luke.3.16	Luke.3.16-fn2	fallback	verse_end	no_high_confidence_immediate_alignment	Citado en Hechos 13:25
Luke.3.32	Luke.3.32-fn1	fallback	verse_end	no_high_confidence_immediate_alignment	BYZ y TR Salmón; véase Rut 4:20–21 y Mateo 1:4–5.
Luke.3.33	Luke.3.33-fn1	fallback	verse_end	no_high_confidence_immediate_alignment	BYZ y TR Aram; otros Ram; véase Rut 4:19 y Mateo 1:3–4.
Luke.3.33	Luke.3.33-fn2	fallback	verse_end	no_high_confidence_immediate_alignment	WH, BYZ y TR no incluyen el hijo de Arni.
Luke.3.38	Luke.3.38-fn1	fallback	verse_end	no_high_confidence_immediate_alignment	Griego Enós, una variante ortográfica de Enós; véase Génesis 5:6.
Luke.4.18	Luke.4.18-fn1	fallback	verse_end	no_high_confidence_immediate_alignment	BYZ y TR Me ha enviado a sanar a los quebrantados de corazón, a proclamar libertad a los cautivos
Luke.5.1	Luke.5.1-fn1	fallback	verse_end	no_high_confidence_immediate_alignment	Es decir, el Mar de Galilea
Luke.5.12	Luke.5.12-fn1	fallback	verse_end	no_high_confidence_immediate_alignment	La lepra era un término usado para diversas enfermedades de la piel. Véase Levítico 13.
Luke.6.1	Luke.6.1-fn1	fallback	verse_end	no_high_confidence_immediate_alignment	BYZ y TR El segundo sábado después del primero
Luke.7.14	Luke.7.14-fn1	fallback	verse_end	no_high_confidence_immediate_alignment	Literalmente féretro, probablemente una tabla de madera o ataúd abierto
Luke.8.3	Luke.8.3-fn1	fallback	verse_end	source_anchor_word_not_semantically_specific	TR a Él
Luke.8.12	Luke.8.12-fn1	fallback	verse_end	no_high_confidence_immediate_alignment	Literalmente los que; también en los versículos 13, 14 y 15
Luke.8.26	Luke.8.26-fn1	fallback	verse_end	no_high_confidence_immediate_alignment	BYZ y TR gadarenos; Tischendorf gergesenos; también en el versículo 37
Luke.8.43	Luke.8.43-fn1	fallback	verse_end	no_high_confidence_immediate_alignment	NE y WH no incluyen Había gastado todo su dinero en médicos.
Luke.9.3	Luke.9.3-fn1	fallback	verse_end	no_high_confidence_immediate_alignment	O monedas de plata
Luke.9.33	Luke.9.33-fn1	fallback	verse_end	no_high_confidence_immediate_alignment	O tres tabernáculos
Luke.9.35	Luke.9.35-fn1	fallback	verse_end	no_high_confidence_immediate_alignment	BYZ y TR Este es mi Hijo amado; véase Mateo 17:5.
Luke.10.1	Luke.10.1-fn1	fallback	verse_end	no_high_confidence_immediate_alignment	NE, BYZ y TR setenta; también en el versículo 17
Luke.10.7	Luke.10.7-fn1	fallback	verse_end	no_high_confidence_immediate_alignment	Véase Levítico 19:13 y Deuteronomio 24:14–15; citado en 1 Timoteo 5:18.
Luke.10.27	Luke.10.27-fn1	fallback	verse_end	no_high_confidence_immediate_alignment	Deuteronomio 6:5
Luke.11.2	Luke.11.2-fn1	fallback	verse_end	no_high_confidence_immediate_alignment	BYZ y TR Padre nuestro que estás en los cielos; véase Mateo 6:9.
Luke.11.4	Luke.11.4-fn1	fallback	verse_end	no_high_confidence_immediate_alignment	BYZ y TR incluyen mas líbranos del mal; véase Mateo 6:13.
Luke.11.11	Luke.11.11-fn1	fallback	verse_end	no_high_confidence_immediate_alignment	BYZ y TR si su hijo pide pan, ¿le dará una piedra, o un pescado? véase Mateo 7:9–10.
Luke.11.34	Luke.11.34-fn1	fallback	verse_end	no_high_confidence_immediate_alignment	Literalmente cuando tu ojo es sano; véase Proverbios 22:9.
Luke.11.34	Luke.11.34-fn2	fallback	verse_end	no_high_confidence_immediate_alignment	Literalmente cuando es malo; véase Proverbios 23:6 y Proverbios 28:22.
Luke.11.51	Luke.11.51-fn1	fallback	verse_end	no_high_confidence_immediate_alignment	Literalmente la casa
Luke.12.5	Luke.12.5-fn1	fallback	verse_end	no_high_confidence_immediate_alignment	Griego Gehena
Luke.12.6	Luke.12.6-fn1	fallback	verse_end	no_high_confidence_immediate_alignment	Griego dos asarios; un asario era una moneda de cobre romana que valía aproximadamente 1/16 de un denario.
Luke.12.27	Luke.12.27-fn1	fallback	verse_end	no_high_confidence_immediate_alignment	NE y Tischendorf Considerad los lirios: no hilan ni tejen.
Luke.12.31	Luke.12.31-fn1	fallback	verse_end	source_anchor_word_not_semantically_specific	BYZ y TR de Dios; véase Mateo 6:33.
Luke.12.38	Luke.12.38-fn1	fallback	verse_end	no_high_confidence_immediate_alignment	Es decir, entre las nueve de la noche y las tres de la mañana
Luke.12.39	Luke.12.39-fn1	fallback	verse_end	no_high_confidence_immediate_alignment	BYZ y TR incluye se habría quedado despierto, y
Luke.13.7	Luke.13.7-fn1	fallback	verse_end	source_anchor_word_not_semantically_specific	SBL, NE, WH Córtalo!
Luke.14.5	Luke.14.5-fn1	fallback	verse_end	no_high_confidence_immediate_alignment	TR asno
Luke.14.10	Luke.14.10-fn1	fallback	verse_end	no_high_confidence_immediate_alignment	Véase Proverbios 25:7.
Luke.14.15	Luke.14.15-fn1	fallback	verse_end	no_high_confidence_immediate_alignment	Literalmente que comerá pan
Luke.15.8	Luke.15.8-fn1	fallback	verse_end	no_high_confidence_immediate_alignment	Griego diez dracmas, cada una valía aproximadamente el salario de un día
Luke.16.22	Luke.16.22-fn1	fallback	verse_end	no_high_confidence_immediate_alignment	Griego en el seno de Abraham; similarmente en el versículo 23
Luke.18.11	Luke.18.11-fn1	fallback	verse_end	no_high_confidence_immediate_alignment	O se puso en pie y oró para sí mismo
Luke.18.24	Luke.18.24-fn1	fallback	verse_end	no_high_confidence_immediate_alignment	Literalmente Viendo que se había entristecido; SBL, NE y WH Viéndolo
Luke.18.28	Luke.18.28-fn1	fallback	verse_end	source_anchor_word_not_semantically_specific	Literalmente dejamos los nuestros; BYZ y TR dejamos todo
Luke.19.13	Luke.19.13-fn1	fallback	verse_end	no_high_confidence_immediate_alignment	Es decir, dio a cada siervo una mina. Una mina era muy probablemente una moneda de plata que valía cien dracmas, es decir, unos cien días de salario.
Luke.19.38	Luke.19.38-fn1	fallback	verse_end	no_high_confidence_immediate_alignment	Salmos 118:26
Luke.20.24	Luke.20.24-fn1	fallback	verse_end	no_high_confidence_immediate_alignment	Un denario era normalmente el salario de un día de un jornalero; véase Mateo 20:2.
Luke.22.1	Luke.22.1-fn1	fallback	verse_end	no_high_confidence_immediate_alignment	Literalmente la fiesta de los Ázimos; véase Éxodo 12:14–20.
Luke.22.37	Luke.22.37-fn1	fallback	verse_end	no_high_confidence_immediate_alignment	Isaías 53:12
Luke.22.64	Luke.22.64-fn1	fallback	verse_end	no_high_confidence_immediate_alignment	BYZ y TR incluyen y le golpeaban el rostro.
Luke.23.23	Luke.23.23-fn1	fallback	verse_end	no_high_confidence_immediate_alignment	BYZ y TR incluyen y la de los principales sacerdotes.
Luke.23.33	Luke.23.33-fn1	fallback	verse_end	no_high_confidence_immediate_alignment	Griego Kranion; Vulgata Calvariae, traducido en algunas versiones como Calvario
Luke.23.34	Luke.23.34-fn1	fallback	verse_end	no_high_confidence_immediate_alignment	Algunos manuscritos no incluyen Entonces Jesús dijo: “Padre... lo que hacen.”
Luke.23.35	Luke.23.35-fn1	fallback	verse_end	no_high_confidence_immediate_alignment	Véase Salmos 22:7.
Luke.23.38	Luke.23.38-fn1	fallback	verse_end	no_high_confidence_immediate_alignment	BYZ y TR incluyen escrito en griego, latín y hebreo; véase Juan 19:20.
Luke.23.42	Luke.23.42-fn1	fallback	verse_end	no_high_confidence_immediate_alignment	BYZ y TR dijo a Jesús: “Acuérdate de mí, Señor,
Luke.23.45	Luke.23.45-fn1	fallback	verse_end	no_high_confidence_immediate_alignment	O falló o fue oscurecido; BYZ y TR se oscureció
Luke.24.13	Luke.24.13-fn1	fallback	verse_end	no_high_confidence_immediate_alignment	Griego siendo una distancia de sesenta estadios; es decir, aproximadamente 11.1 kilómetros
John.1.5	John.1.5-fn1	fallback	verse_end	no_high_confidence_immediate_alignment	O comprendió
John.1.14	John.1.14-fn1	fallback	verse_end	no_high_confidence_immediate_alignment	O y habitó entre nosotros
John.1.14	John.1.14-fn2	fallback	verse_end	no_high_confidence_immediate_alignment	O el Unigénito o el Único
John.1.18	John.1.18-fn1	fallback	verse_end	source_anchor_word_not_semantically_specific	O sino el unigénito Dios, que; BYZ y TR sino el unigénito Hijo, que
John.1.18	John.1.18-fn2	fallback	verse_end	no_high_confidence_immediate_alignment	Griego en el seno del Padre
John.1.26	John.1.26-fn1	fallback	verse_end	source_anchor_word_not_semantically_specific	O en; también en el versículo 31 y dos veces en 33
John.3.7	John.3.7-fn1	fallback	verse_end	source_anchor_word_not_semantically_specific	La palabra griega para vosotros es plural; también en el versículo 12.
John.3.16	John.3.16-fn1	fallback	verse_end	no_high_confidence_immediate_alignment	O unigénito o único; también en el versículo 18
John.3.25	John.3.25-fn1	fallback	verse_end	no_high_confidence_immediate_alignment	TR y los judíos
John.4.1	John.4.1-fn1	fallback	verse_end	source_anchor_word_not_semantically_specific	Literalmente Cuando, pues, Jesús supo que los fariseos habían oído que Jesús; NE, WH, BYZ y TR Cuando, pues, el Señor supo que los fariseos habían oído que Jesús
John.4.35	John.4.35-fn1	fallback	verse_end	no_high_confidence_immediate_alignment	Literalmente blancos
John.5.2	John.5.2-fn1	fallback	verse_end	no_high_confidence_immediate_alignment	O en arameo
John.5.3	John.5.3-fn1	fallback	verse_end	no_high_confidence_immediate_alignment	Literalmente En estas
John.6.14	John.6.14-fn1	fallback	verse_end	no_high_confidence_immediate_alignment	SBL, NA, NE y WH Él había realizado
John.6.19	John.6.19-fn1	fallback	verse_end	no_high_confidence_immediate_alignment	Griego unos veinticinco o treinta estadios; es decir, aproximadamente 4.62 a 5.55 kilómetros
John.7.2	John.7.2-fn1	fallback	verse_end	no_high_confidence_immediate_alignment	Es decir, Sucot, la fiesta de peregrinación de otoño a Jerusalén; también traducida como la Fiesta de las Cabañas o la Fiesta de las Enramadas y originalmente llamada la Fiesta de la Cosecha (véase Éxodo 23:16 y Éxodo 34:22).
John.7.8	John.7.8-fn1	fallback	verse_end	source_anchor_word_not_semantically_specific	NE, WH, BYZ y TR Todavía no
John.7.35	John.7.35-fn1	fallback	verse_end	no_high_confidence_immediate_alignment	Literalmente ¿Se irá a la diáspora entre los griegos? El pueblo judío que vivía fuera de la tierra de Israel desde el exilio babilónico se llamaba la Diáspora.
John.7.39	John.7.39-fn1	fallback	verse_end	no_high_confidence_immediate_alignment	Literalmente el Espíritu no era todavía; BYZ y TR el Espíritu Santo no era todavía
John.8.9	John.8.9-fn1	fallback	verse_end	source_anchor_word_not_semantically_specific	NE, BYZ y TR incluyen y convencidos por su conciencia,
John.8.10	John.8.10-fn1	fallback	verse_end	source_anchor_word_not_semantically_specific	NE, BYZ y TR incluyen y no vieron más que a la mujer.
John.8.10	John.8.10-fn2	fallback	verse_end	no_high_confidence_immediate_alignment	WH y NA dónde están
John.8.54	John.8.54-fn1	fallback	verse_end	source_anchor_word_not_semantically_specific	WH y TR Tu
John.9.4	John.9.4-fn1	fallback	verse_end	source_anchor_word_not_semantically_specific	BYZ y TR debo hacer
John.9.35	John.9.35-fn1	fallback	verse_end	no_high_confidence_immediate_alignment	BYZ y TR el Hijo de Dios
John.10.8	John.10.8-fn1	fallback	verse_end	no_high_confidence_immediate_alignment	BYZ Todos los que vinieron
John.10.22	John.10.22-fn1	fallback	verse_end	no_high_confidence_immediate_alignment	Es decir, Hanucá, la celebración histórica de la revuelta macabea y la re-dedicación del templo
John.11.16	John.11.16-fn1	fallback	verse_end	no_high_confidence_immediate_alignment	Dídimo significa el gemelo.
John.11.18	John.11.18-fn1	fallback	verse_end	no_high_confidence_immediate_alignment	Griego unos quince estadios; es decir, aproximadamente 2.78 kilómetros
John.11.44	John.11.44-fn1	fallback	verse_end	no_high_confidence_immediate_alignment	Griego sudario
John.12.3	John.12.3-fn1	fallback	verse_end	no_high_confidence_immediate_alignment	Griego una litra; es decir, aproximadamente 340 gramos
John.12.5	John.12.5-fn1	fallback	verse_end	no_high_confidence_immediate_alignment	Un denario era normalmente el salario de un día de un jornalero; véase Mateo 20:2.
John.12.8	John.12.8-fn1	fallback	verse_end	source_anchor_word_not_semantically_specific	Véase Deuteronomio 15:11.
John.12.13	John.12.13-fn2	fallback	verse_end	no_high_confidence_immediate_alignment	Salmos 118:26
John.13.16	John.13.16-fn1	fallback	verse_end	no_high_confidence_immediate_alignment	Citado en Juan 15:20
John.13.32	John.13.32-fn1	fallback	verse_end	no_high_confidence_immediate_alignment	WH no incluye Si Dios es glorificado en Él.
John.14.14	John.14.14-fn1	fallback	verse_end	no_high_confidence_immediate_alignment	TR no incluye Me.
John.14.15	John.14.15-fn1	fallback	verse_end	no_high_confidence_immediate_alignment	O Si me amáis, guardad
John.14.16	John.14.16-fn1	fallback	verse_end	no_high_confidence_immediate_alignment	O Consolador o Ayudador o Consejero; griego Paracleto; también en el versículo 26
John.15.20	John.15.20-fn1	fallback	verse_end	no_high_confidence_immediate_alignment	Juan 13:16
John.17.2	John.17.2-fn1	fallback	verse_end	no_high_confidence_immediate_alignment	Literalmente toda carne
John.17.11	John.17.11-fn1	fallback	verse_end	no_high_confidence_immediate_alignment	Literalmente Tu nombre, que me diste; TR Tu nombre. Estos me has dado; similarmente en el versículo 12
John.19.13	John.19.13-fn1	fallback	verse_end	no_high_confidence_immediate_alignment	O en arameo; también en los versículos 17 y 20
John.19.24	John.19.24-fn1	fallback	verse_end	no_high_confidence_immediate_alignment	Salmos 22:18
John.19.29	John.19.29-fn1	fallback	verse_end	no_high_confidence_immediate_alignment	O Una vasija de vinagre; similarmente en el versículo 30
John.20.7	John.20.7-fn1	fallback	verse_end	no_high_confidence_immediate_alignment	Griego sudario
John.20.16	John.20.16-fn1	fallback	verse_end	no_high_confidence_immediate_alignment	O en arameo
John.20.24	John.20.24-fn1	fallback	verse_end	no_high_confidence_immediate_alignment	Dídimo significa el gemelo.
John.20.31	John.20.31-fn1	fallback	verse_end	no_high_confidence_immediate_alignment	O puedan seguir creyendo
John.21.1	John.21.1-fn1	fallback	verse_end	no_high_confidence_immediate_alignment	Es decir, el Mar de Galilea
John.21.2	John.21.2-fn1	fallback	verse_end	no_high_confidence_immediate_alignment	Dídimo significa el gemelo.
John.21.18	John.21.18-fn1	fallback	verse_end	no_high_confidence_immediate_alignment	O otros
John.21.20	John.21.20-fn1	fallback	verse_end	no_high_confidence_immediate_alignment	Griego se recostó en Su seno
Acts.1.4	Acts.1.4-fn1	fallback	verse_end	no_high_confidence_immediate_alignment	O comiendo juntos
Acts.1.20	Acts.1.20-fn1	fallback	verse_end	source_anchor_word_not_semantically_specific	Salmos 69:25
Acts.2.1	Acts.2.1-fn1	fallback	verse_end	no_high_confidence_immediate_alignment	Es decir, Shavuot, la fiesta de peregrinación de finales de primavera a Jerusalén; también se conoce como la Fiesta de la Cosecha (véase Éxodo 23:16) o la Fiesta de las Semanas (véase Éxodo 34:22).
Acts.2.5	Acts.2.5-fn1	fallback	verse_end	no_high_confidence_immediate_alignment	O residiendo; similarmente en el versículo 14
Acts.2.25	Acts.2.25-fn1	fallback	verse_end	no_high_confidence_immediate_alignment	Literalmente Preví; véase el versículo 31.
Acts.2.43	Acts.2.43-fn1	fallback	verse_end	no_high_confidence_immediate_alignment	O temor
Acts.3.13	Acts.3.13-fn1	fallback	verse_end	no_high_confidence_immediate_alignment	O Su siervo; también en el versículo 26
Acts.4.25	Acts.4.25-fn1	fallback	verse_end	no_high_confidence_immediate_alignment	O siervo; también en los versículos 27 y 30
Acts.5.33	Acts.5.33-fn1	fallback	verse_end	no_high_confidence_immediate_alignment	ECM, BYZ, TR y Tischendorf; o tomaron consejo; NA, SBL, NE y WH quisieron
Acts.6.1	Acts.6.1-fn1	fallback	verse_end	no_high_confidence_immediate_alignment	Literalmente los helenistas comenzaron a murmurar contra los hebreos
Acts.7.13	Acts.7.13-fn1	fallback	verse_end	source_anchor_word_not_semantically_specific	O José fue dado a conocer a o José fue reconocido por
Acts.7.16	Acts.7.16-fn1	fallback	verse_end	no_high_confidence_immediate_alignment	Literalmente Y fueron llevados de vuelta
Acts.7.35	Acts.7.35-fn1	fallback	verse_end	no_high_confidence_immediate_alignment	Éxodo 2:14
Acts.7.54	Acts.7.54-fn1	fallback	verse_end	no_high_confidence_immediate_alignment	Literalmente Al oír estas cosas, se sintieron cortados en sus corazones,
Acts.8.27	Acts.8.27-fn1	fallback	verse_end	no_high_confidence_immediate_alignment	Griego Kandakē
Acts.9.8	Acts.9.8-fn1	fallback	verse_end	no_high_confidence_immediate_alignment	Literalmente no podía ver nada o no podía ver a nadie
Acts.9.29	Acts.9.29-fn1	fallback	verse_end	no_high_confidence_immediate_alignment	O helenistas
Acts.9.36	Acts.9.36-fn1	fallback	verse_end	no_high_confidence_immediate_alignment	Tabita en arameo y Dorcas en griego significan gacela.
Acts.10.9	Acts.10.9-fn1	fallback	verse_end	no_high_confidence_immediate_alignment	Es decir, alrededor del mediodía
Acts.10.14	Acts.10.14-fn1	fallback	verse_end	no_high_confidence_immediate_alignment	Literalmente común; similarmente en los versículos 15 y 28
Acts.11.2	Acts.11.2-fn1	fallback	verse_end	no_high_confidence_immediate_alignment	Literalmente los de la circuncisión
Acts.11.8	Acts.11.8-fn1	fallback	verse_end	no_high_confidence_immediate_alignment	Literalmente común; similarmente en el versículo 9
Acts.11.28	Acts.11.28-fn1	fallback	verse_end	no_high_confidence_immediate_alignment	O todo el mundo romano
Acts.12.1	Acts.12.1-fn2	fallback	verse_end	no_high_confidence_immediate_alignment	Literalmente extendió las manos para maltratar
Acts.12.20	Acts.12.20-fn1	fallback	verse_end	no_high_confidence_immediate_alignment	O se había enfurecido
Acts.12.25	Acts.12.25-fn1	fallback	verse_end	no_high_confidence_immediate_alignment	O habían cumplido su misión, regresaron a Jerusalén; NE y TR habían cumplido su misión, regresaron de Jerusalén
Acts.16.6	Acts.16.6-fn1	fallback	verse_end	no_high_confidence_immediate_alignment	Literalmente en Asia; Asia era una provincia romana en lo que hoy es el oeste de Turquía.
Acts.16.12	Acts.16.12-fn1	fallback	verse_end	no_high_confidence_immediate_alignment	Literalmente fuimos a Filipos, que es una ciudad principal del distrito de Macedonia—una colonia
Acts.16.16	Acts.16.16-fn1	fallback	verse_end	no_high_confidence_immediate_alignment	Griego un espíritu de Pitón; es decir, un espíritu de adivinación llamado así por la mítica serpiente asesinada por Apolo
Acts.17.19	Acts.17.19-fn1	fallback	verse_end	no_high_confidence_immediate_alignment	O la Colina de Ares o el Monte de Marte; también en el versículo 22 y añadido para mayor claridad en el versículo 33
Acts.17.22	Acts.17.22-fn1	fallback	verse_end	no_high_confidence_immediate_alignment	Literalmente en medio
Acts.17.26	Acts.17.26-fn1	fallback	verse_end	no_high_confidence_immediate_alignment	Literalmente De uno; BYZ y TR De una sangre
Acts.17.28	Acts.17.28-fn1	fallback	verse_end	source_anchor_word_not_semantically_specific	Esta es probablemente una cita del filósofo cretense Epiménides de Cnoso.
Acts.18.7	Acts.18.7-fn1	fallback	verse_end	no_high_confidence_immediate_alignment	ECM; NA, SBL, NE y WH Ticio Justo; BYZ y TR Justo
Acts.18.17	Acts.18.17-fn1	fallback	verse_end	no_high_confidence_immediate_alignment	Literalmente todos; BYZ y TR todos los griegos
Acts.18.21	Acts.18.21-fn1	fallback	verse_end	no_high_confidence_immediate_alignment	BYZ y TR Es absolutamente necesario que guarde esta fiesta que viene en Jerusalén, pero volveré
Acts.18.22	Acts.18.22-fn1	fallback	verse_end	no_high_confidence_immediate_alignment	Literalmente subió y saludó a la iglesia
Acts.18.25	Acts.18.25-fn1	fallback	verse_end	no_high_confidence_immediate_alignment	BYZ y TR acerca del Señor
Acts.19.1	Acts.19.1-fn1	fallback	verse_end	no_high_confidence_immediate_alignment	O la región montañosa
Acts.19.12	Acts.19.12-fn1	fallback	verse_end	no_high_confidence_immediate_alignment	Griego sudarios
Acts.19.23	Acts.19.23-fn1	fallback	verse_end	no_high_confidence_immediate_alignment	Literalmente surgió no poca perturbación
Acts.19.24	Acts.19.24-fn1	fallback	verse_end	no_high_confidence_immediate_alignment	Literalmente proporcionando no pocos negocios
Acts.19.31	Acts.19.31-fn1	fallback	verse_end	no_high_confidence_immediate_alignment	O amigos que eran asiarcas
Acts.20.15	Acts.20.15-fn1	fallback	verse_end	source_anchor_word_not_semantically_specific	BYZ y TR y, después de permanecer en Trogyllium,
Acts.20.28	Acts.20.28-fn1	fallback	verse_end	no_high_confidence_immediate_alignment	Tischendorf del Señor; BYZ y GOC del Señor y Dios
Acts.21.31	Acts.21.31-fn1	fallback	verse_end	no_high_confidence_immediate_alignment	Literalmente el comandante de la cohorte
Acts.22.2	Acts.22.2-fn1	fallback	verse_end	no_high_confidence_immediate_alignment	O en arameo; literalmente en la lengua hebrea
Acts.22.18	Acts.22.18-fn1	fallback	verse_end	no_high_confidence_immediate_alignment	Literalmente lo vi
Acts.23.16	Acts.23.16-fn1	fallback	verse_end	no_high_confidence_immediate_alignment	O la emboscada
Acts.24.1	Acts.24.1-fn1	fallback	verse_end	no_high_confidence_immediate_alignment	O un orador
Acts.26.14	Acts.26.14-fn1	fallback	verse_end	no_high_confidence_immediate_alignment	O en arameo; literalmente en la lengua hebrea
Acts.27.1	Acts.27.1-fn1	fallback	verse_end	no_high_confidence_immediate_alignment	O Augusto
Acts.27.2	Acts.27.2-fn1	fallback	verse_end	no_high_confidence_immediate_alignment	Literalmente navegar a los lugares a lo largo de Asia; Asia era una provincia romana en lo que hoy es el oeste de Turquía.
Acts.27.9	Acts.27.9-fn1	fallback	verse_end	no_high_confidence_immediate_alignment	Es decir, Yom Kippur, el Día de la Expiación
Acts.27.16	Acts.27.16-fn1	fallback	verse_end	no_high_confidence_immediate_alignment	NE, BYZ y TR Claudia
Acts.27.17	Acts.27.17-fn1	fallback	verse_end	no_high_confidence_immediate_alignment	O las velas
Acts.27.28	Acts.27.28-fn1	fallback	verse_end	no_high_confidence_immediate_alignment	20 brazas equivalen aproximadamente a 36.6 metros.
Acts.27.37	Acts.27.37-fn1	fallback	verse_end	source_anchor_word_not_semantically_specific	WH 76
Acts.28.4	Acts.28.4-fn1	fallback	verse_end	no_high_confidence_immediate_alignment	Griego Dike; es decir, la diosa griega de la justicia
Acts.28.11	Acts.28.11-fn1	fallback	verse_end	no_high_confidence_immediate_alignment	Griego Dioscuros; es decir, los dioses griegos Cástor y Pólux
Acts.28.15	Acts.28.15-fn1	fallback	verse_end	no_high_confidence_immediate_alignment	El Foro de Apio estaba a unos 70 kilómetros de Roma.
Acts.28.15	Acts.28.15-fn2	fallback	verse_end	no_high_confidence_immediate_alignment	Las Tres Tabernas estaba a unos 57 kilómetros de Roma.
Acts.28.16	Acts.28.16-fn1	fallback	verse_end	no_high_confidence_immediate_alignment	BYZ y TR incluyen el centurión entregó los presos al capitán del cuartel, pero.
Rom.1.13	Rom.1.13-fn1	fallback	verse_end	no_high_confidence_immediate_alignment	Literalmente pero he sido impedido
Rom.1.14	Rom.1.14-fn1	fallback	verse_end	no_high_confidence_immediate_alignment	Literalmente a griegos y bárbaros
Rom.1.17	Rom.1.17-fn1	fallback	verse_end	no_high_confidence_immediate_alignment	Literalmente Porque en él se revela la justicia de Dios de fe en fe
Rom.1.25	Rom.1.25-fn1	fallback	verse_end	no_high_confidence_immediate_alignment	O bendito por siempre
Rom.2.16	Rom.2.16-fn1	fallback	verse_end	no_high_confidence_immediate_alignment	BYZ y TR por Jesucristo
Rom.3.2	Rom.3.2-fn1	fallback	verse_end	no_high_confidence_immediate_alignment	O los oráculos
Rom.3.13	Rom.3.13-fn1	fallback	verse_end	no_high_confidence_immediate_alignment	Salmos 5:9
Rom.3.25	Rom.3.25-fn1	fallback	verse_end	no_high_confidence_immediate_alignment	O como propiciación
Rom.5.1	Rom.5.1-fn1	fallback	verse_end	source_anchor_word_not_semantically_specific	O tengamos
Rom.5.2	Rom.5.2-fn1	fallback	verse_end	no_high_confidence_immediate_alignment	O gloriarnos; también en los versículos 3 y 11
Rom.8.2	Rom.8.2-fn1	fallback	verse_end	source_anchor_word_not_semantically_specific	BYZ y TR yo
Rom.8.10	Rom.8.10-fn1	fallback	verse_end	no_high_confidence_immediate_alignment	O sin embargo el Espíritu es vida
Rom.9.5	Rom.9.5-fn1	fallback	verse_end	no_high_confidence_immediate_alignment	O bendito por siempre
Rom.9.33	Rom.9.33-fn1	fallback	verse_end	no_high_confidence_immediate_alignment	Isaías 8:14
Rom.10.7	Rom.10.7-fn1	fallback	verse_end	no_high_confidence_immediate_alignment	Véase Deuteronomio 30:13.
Rom.11.11	Rom.11.11-fn1	fallback	verse_end	no_high_confidence_immediate_alignment	O ¿tropezaron para perder su parte? Literalmente ¿tropezaron para caer?
Rom.11.21	Rom.11.21-fn1	fallback	verse_end	source_anchor_word_not_semantically_specific	O Quizá no; SBL, NE y WH Él no
Rom.13.14	Rom.13.14-fn1	fallback	verse_end	source_anchor_word_not_semantically_specific	O vestíos; véase el versículo 12.
Rom.14.6	Rom.14.6-fn1	fallback	verse_end	no_high_confidence_immediate_alignment	BYZ y TR incluyen el que no hace caso del día, al Señor no lo hace caso;
Rom.16.1	Rom.16.1-fn1	fallback	verse_end	no_high_confidence_immediate_alignment	O diaconisa
Rom.16.3	Rom.16.3-fn1	fallback	verse_end	no_high_confidence_immediate_alignment	Prisca es una variante de Priscila; véase Hechos 18:2.
Rom.16.7	Rom.16.7-fn1	fallback	verse_end	no_high_confidence_immediate_alignment	Algunos traductores Junias
1Cor.1.25	1Cor.1.25-fn1	fallback	verse_end	no_high_confidence_immediate_alignment	Literalmente que los hombres; dos veces en este versículo
1Cor.2.16	1Cor.2.16-fn1	fallback	verse_end	no_high_confidence_immediate_alignment	Isaías 40:13 (véase también LXX)
1Cor.3.8	1Cor.3.8-fn1	fallback	verse_end	no_high_confidence_immediate_alignment	Literalmente son uno
1Cor.3.16	1Cor.3.16-fn1	fallback	verse_end	source_anchor_word_not_semantically_specific	O entre
1Cor.4.17	1Cor.4.17-fn1	fallback	verse_end	no_high_confidence_immediate_alignment	BYZ y TR mi forma de vida en Cristo,
1Cor.7.15	1Cor.7.15-fn1	fallback	verse_end	source_anchor_word_not_semantically_specific	SBL, BYZ y TR nosotros
1Cor.7.26	1Cor.7.26-fn1	fallback	verse_end	no_high_confidence_immediate_alignment	O inminente
1Cor.7.36	1Cor.7.36-fn1	fallback	verse_end	no_high_confidence_immediate_alignment	Literalmente y debe ser así
1Cor.9.9	1Cor.9.9-fn1	fallback	verse_end	no_high_confidence_immediate_alignment	Deuteronomio 25:4
1Cor.10.23	1Cor.10.23-fn1	fallback	verse_end	no_high_confidence_immediate_alignment	O “Todo es lícito,” dos veces en este versículo
1Cor.11.10	1Cor.11.10-fn1	fallback	verse_end	source_anchor_word_not_semantically_specific	O tener autoridad sobre
1Cor.11.21	1Cor.11.21-fn1	fallback	verse_end	no_high_confidence_immediate_alignment	Literalmente cada uno toma primero su propia comida.
1Cor.11.24	1Cor.11.24-fn1	fallback	verse_end	source_anchor_word_not_semantically_specific	BYZ y TR que es partido por vosotros
1Cor.11.27	1Cor.11.27-fn1	fallback	verse_end	source_anchor_word_not_semantically_specific	O será responsable de la
1Cor.11.29	1Cor.11.29-fn1	fallback	verse_end	no_high_confidence_immediate_alignment	BYZ y TR el cuerpo del Señor
1Cor.14.11	1Cor.14.11-fn1	fallback	verse_end	no_high_confidence_immediate_alignment	Literalmente un bárbaro; dos veces en este versículo
1Cor.15.45	1Cor.15.45-fn1	fallback	verse_end	source_anchor_word_not_semantically_specific	Génesis 2:7
1Cor.15.53	1Cor.15.53-fn1	fallback	verse_end	no_high_confidence_immediate_alignment	O vestirse
1Cor.15.54	1Cor.15.54-fn1	fallback	verse_end	no_high_confidence_immediate_alignment	WH no incluye y el mortal con inmortalidad.
2Cor.1.12	2Cor.1.12-fn1	fallback	verse_end	no_high_confidence_immediate_alignment	Literalmente carnalmente
2Cor.4.1	2Cor.4.1-fn1	fallback	verse_end	no_high_confidence_immediate_alignment	Literalmente Por tanto, teniendo este ministerio, como hemos recibido misericordia,
2Cor.4.13	2Cor.4.13-fn1	fallback	verse_end	no_high_confidence_immediate_alignment	Salmos 116:10 (véase también LXX)
2Cor.5.17	2Cor.5.17-fn1	fallback	verse_end	no_high_confidence_immediate_alignment	O una nueva criatura
2Cor.6.1	2Cor.6.1-fn1	fallback	verse_end	no_high_confidence_immediate_alignment	Literalmente Ahora trabajando juntos
2Cor.6.2	2Cor.6.2-fn1	fallback	verse_end	source_anchor_word_not_semantically_specific	Isaías 49:8 (véase también LXX)
2Cor.6.15	2Cor.6.15-fn1	fallback	verse_end	no_high_confidence_immediate_alignment	TR de Scrivener y GOC; muchas fuentes griegas Belial
2Cor.8.7	2Cor.8.7-fn1	fallback	verse_end	source_anchor_word_not_semantically_specific	O en vuestro amor por nosotros
2Cor.8.19	2Cor.8.19-fn1	fallback	verse_end	no_high_confidence_immediate_alignment	Véase 1 Corintios 16:3–4.
2Cor.11.31	2Cor.11.31-fn1	fallback	verse_end	no_high_confidence_immediate_alignment	O bendito por siempre
2Cor.12.7	2Cor.12.7-fn1	fallback	verse_end	no_high_confidence_immediate_alignment	Algunos traductores terminan el párrafo anterior después del versículo 6, y comienzan el versículo 7 con Así que, para que no me envaneciera por estas sobremanera grandes revelaciones,
2Cor.13.11	2Cor.13.11-fn1	fallback	verse_end	no_high_confidence_immediate_alignment	O escuchad mi llamamiento
Gal.1.18	Gal.1.18-fn1	fallback	verse_end	no_high_confidence_immediate_alignment	Es decir, Pedro
Gal.2.6	Gal.2.6-fn1	fallback	verse_end	no_high_confidence_immediate_alignment	Literalmente Dios no acepta el rostro del hombre
Gal.3.16	Gal.3.16-fn1	fallback	verse_end	no_high_confidence_immediate_alignment	Génesis 12:7; Génesis 13:15
Gal.4.3	Gal.4.3-fn1	fallback	verse_end	no_high_confidence_immediate_alignment	O fuerzas elementales; similarmente en el versículo 9
Gal.4.28	Gal.4.28-fn1	fallback	verse_end	source_anchor_word_not_semantically_specific	WH, BYZ y TR nosotros
Gal.6.14	Gal.6.14-fn1	fallback	verse_end	source_anchor_word_not_semantically_specific	O por quien
Eph.1.1	Eph.1.1-fn1	fallback	verse_end	no_high_confidence_immediate_alignment	Algunos manuscritos no incluyen en Éfeso.
Eph.1.18	Eph.1.18-fn1	fallback	verse_end	no_high_confidence_immediate_alignment	BYZ y TR los ojos de vuestro entendimiento
Eph.3.9	Eph.3.9-fn1	fallback	verse_end	no_high_confidence_immediate_alignment	NE y WH e iluminar la administración; TR e iluminar para todos la comunión
Eph.3.12	Eph.3.12-fn1	fallback	verse_end	no_high_confidence_immediate_alignment	O por Su fidelidad
Eph.4.8	Eph.4.8-fn1	fallback	verse_end	no_high_confidence_immediate_alignment	O Él dice
Eph.4.9	Eph.4.9-fn1	fallback	verse_end	no_high_confidence_immediate_alignment	BYZ y TR excepto que Él también descendió primero
Eph.4.26	Eph.4.26-fn1	fallback	verse_end	no_high_confidence_immediate_alignment	O “En vuestra ira no pequéis.” Salmos 4:4
Eph.5.2	Eph.5.2-fn1	fallback	verse_end	no_high_confidence_immediate_alignment	NE y WH Cristo os amó
Eph.5.13	Eph.5.13-fn1	fallback	verse_end	no_high_confidence_immediate_alignment	SBL comienza el versículo 14 después de visible,
Phil.1.13	Phil.1.13-fn1	fallback	verse_end	no_high_confidence_immediate_alignment	O todo el Pretorio
Phil.1.18	Phil.1.18-fn1	fallback	verse_end	no_high_confidence_immediate_alignment	Literalmente ¿Entonces qué?
Phil.1.27	Phil.1.27-fn1	fallback	verse_end	no_high_confidence_immediate_alignment	O esforzándoos juntos con una sola mente
Phil.2.15	Phil.2.15-fn1	fallback	verse_end	no_high_confidence_immediate_alignment	Deuteronomio 32:5
Phil.4.3	Phil.4.3-fn1	fallback	verse_end	no_high_confidence_immediate_alignment	O Te ruego, fiel Súzigo
Col.1.7	Col.1.7-fn1	fallback	verse_end	source_anchor_word_not_semantically_specific	NE, NA, BYZ y TR vuestro
Col.1.12	Col.1.12-fn1	fallback	verse_end	source_anchor_word_not_semantically_specific	BYZ y TR nosotros
Col.1.14	Col.1.14-fn1	fallback	verse_end	no_high_confidence_immediate_alignment	TR redención por Su sangre,
Col.1.23	Col.1.23-fn1	fallback	verse_end	no_high_confidence_immediate_alignment	O en toda la creación
Col.1.28	Col.1.28-fn1	fallback	verse_end	no_high_confidence_immediate_alignment	O completamente maduro
Col.3.4	Col.3.4-fn1	fallback	verse_end	source_anchor_word_not_semantically_specific	NE, WH, BYZ y TR nuestro
1Thess.2.7	1Thess.2.7-fn1	fallback	verse_end	source_anchor_word_not_semantically_specific	WH y NA fuimos como niños pequeños entre vosotros
1Thess.4.4	1Thess.4.4-fn1	fallback	verse_end	no_high_confidence_immediate_alignment	Literalmente sepa cómo poseer su propia vasija
1Thess.4.6	1Thess.4.6-fn1	fallback	verse_end	no_high_confidence_immediate_alignment	O nadie debería jamás dañar o engañar a su hermano en este asunto
1Thess.4.13	1Thess.4.13-fn1	fallback	verse_end	no_high_confidence_immediate_alignment	Literalmente los que han muerto, como en los versículos 14 y 15
1Thess.5.23	1Thess.5.23-fn1	fallback	verse_end	no_high_confidence_immediate_alignment	O que vuestro espíritu, alma y cuerpo sean guardados enteramente irreprensibles
2Thess.3.6	2Thess.3.6-fn1	fallback	verse_end	no_high_confidence_immediate_alignment	O recibieron
1Tim.1.10	1Tim.1.10-fn1	fallback	verse_end	no_high_confidence_immediate_alignment	O para secuestradores
1Tim.2.8	1Tim.2.8-fn1	fallback	verse_end	no_high_confidence_immediate_alignment	O en todo lugar (de adoración)
1Tim.3.16	1Tim.3.16-fn1	fallback	verse_end	no_high_confidence_immediate_alignment	Literalmente El que apareció; BYZ y TR Dios apareció
1Tim.4.10	1Tim.4.10-fn1	fallback	verse_end	no_high_confidence_immediate_alignment	SBL, BYZ y TR y sufrimos afrenta
1Tim.5.18	1Tim.5.18-fn1	fallback	verse_end	no_high_confidence_immediate_alignment	Deuteronomio 25:4
1Tim.6.7	1Tim.6.7-fn1	fallback	verse_end	source_anchor_word_not_semantically_specific	BYZ y TR ciertamente
2Tim.1.7	2Tim.1.7-fn1	fallback	verse_end	no_high_confidence_immediate_alignment	O timidez o cobardía
2Tim.1.12	2Tim.1.12-fn1	fallback	verse_end	no_high_confidence_immediate_alignment	O lo que Él me ha encomendado
2Tim.1.13	2Tim.1.13-fn1	fallback	verse_end	no_high_confidence_immediate_alignment	Literalmente palabras sanas
2Tim.1.14	2Tim.1.14-fn1	fallback	verse_end	source_anchor_word_not_semantically_specific	O el buen depósito encomendado a ti
2Tim.2.14	2Tim.2.14-fn1	fallback	verse_end	no_high_confidence_immediate_alignment	SBL, BYZ y TR el Señor
2Tim.2.19	2Tim.2.19-fn1	fallback	verse_end	source_anchor_word_not_semantically_specific	Números 16:5 (véase también LXX)
2Tim.2.21	2Tim.2.21-fn1	fallback	verse_end	no_high_confidence_immediate_alignment	Literalmente se limpia de esto
2Tim.4.19	2Tim.4.19-fn1	fallback	verse_end	no_high_confidence_immediate_alignment	Prisca es una variante de Priscila; véase Hechos 18:2.
Titus.3.5	Titus.3.5-fn1	fallback	verse_end	no_high_confidence_immediate_alignment	O de regeneración
Phlm.1.2	Phlm.1.2-fn1	fallback	verse_end	source_anchor_word_not_semantically_specific	Tú y Tu son singulares a lo largo de esta carta, excepto en los versículos 3, 22 y 25.
Phlm.1.10	Phlm.1.10-fn1	fallback	verse_end	no_high_confidence_immediate_alignment	Onésimo significa útil (véase el versículo 11) o beneficioso (véase el versículo 20).
Phlm.1.20	Phlm.1.20-fn1	fallback	verse_end	no_high_confidence_immediate_alignment	Griego onaimēn, un juego de palabras con el nombre Onésimo
Heb.1.5	Heb.1.5-fn1	fallback	verse_end	no_high_confidence_immediate_alignment	Salmos 2:7; literalmente hoy te he engendrado
Heb.1.12	Heb.1.12-fn1	fallback	verse_end	no_high_confidence_immediate_alignment	BYZ y TR no incluyen como un vestido.
Heb.1.14	Heb.1.14-fn1	fallback	verse_end	no_high_confidence_immediate_alignment	Literalmente ¿No son todos
Heb.2.7	Heb.2.7-fn1	fallback	verse_end	no_high_confidence_immediate_alignment	O un poco más bajo; también en el versículo 9
Heb.2.10	Heb.2.10-fn1	fallback	verse_end	no_high_confidence_immediate_alignment	O precursor o fundador
Heb.2.13	Heb.2.13-fn1	fallback	verse_end	no_high_confidence_immediate_alignment	Isaías 8:17
Heb.2.17	Heb.2.17-fn1	fallback	verse_end	no_high_confidence_immediate_alignment	O para hacer propiciación
Heb.3.6	Heb.3.6-fn1	fallback	verse_end	no_high_confidence_immediate_alignment	NE, WH, BYZ y TR incluyen hasta el fin.
Heb.4.3	Heb.4.3-fn1	fallback	verse_end	no_high_confidence_immediate_alignment	Salmos 95:11; también en el versículo 5
Heb.5.12	Heb.5.12-fn1	fallback	verse_end	no_high_confidence_immediate_alignment	O de los oráculos de Dios
Heb.6.2	Heb.6.2-fn1	fallback	verse_end	no_high_confidence_immediate_alignment	O ritos de purificación
Heb.7.1	Heb.7.1-fn1	fallback	verse_end	no_high_confidence_immediate_alignment	Génesis 14:18
Heb.7.25	Heb.7.25-fn1	fallback	verse_end	no_high_confidence_immediate_alignment	O por siempre
Heb.9.5	Heb.9.5-fn1	fallback	verse_end	no_high_confidence_immediate_alignment	O propiciatorio
Heb.9.8	Heb.9.8-fn1	fallback	verse_end	no_high_confidence_immediate_alignment	O el Lugar Santo; también en los versículos 12 y 25
Heb.9.11	Heb.9.11-fn1	fallback	verse_end	no_high_confidence_immediate_alignment	BYZ y TR que han de venir
Heb.9.14	Heb.9.14-fn1	fallback	verse_end	source_anchor_word_not_semantically_specific	BYZ y TR vuestro
Heb.9.16	Heb.9.16-fn1	fallback	verse_end	source_anchor_word_not_semantically_specific	Griego diathēkē también se traduce como pacto en todo este capítulo.
Heb.9.19	Heb.9.19-fn1	fallback	verse_end	no_high_confidence_immediate_alignment	SBL no incluye y machos cabríos.
Heb.10.19	Heb.10.19-fn1	fallback	verse_end	no_high_confidence_immediate_alignment	O el Lugar Santo
Heb.10.30	Heb.10.30-fn1	fallback	verse_end	no_high_confidence_immediate_alignment	Deuteronomio 32:35 (véase también LXX)
Heb.10.32	Heb.10.32-fn1	fallback	verse_end	no_high_confidence_immediate_alignment	O Recuerda cuando fuisteis iluminados por primera vez.
Heb.11.5	Heb.11.5-fn1	fallback	verse_end	source_anchor_word_not_semantically_specific	Literalmente trasladado o traducido
Heb.11.5	Heb.11.5-fn2	fallback	verse_end	no_high_confidence_immediate_alignment	Génesis 5:24 (véase también LXX)
Heb.11.29	Heb.11.29-fn1	fallback	verse_end	no_high_confidence_immediate_alignment	Literalmente hicieron un intento
Heb.11.37	Heb.11.37-fn1	fallback	verse_end	no_high_confidence_immediate_alignment	NE, WH, BYZ y TR incluyen fueron puestos a prueba,
Heb.12.2	Heb.12.2-fn1	fallback	verse_end	no_high_confidence_immediate_alignment	O precursor o fundador
Heb.12.11	Heb.12.11-fn1	fallback	verse_end	no_high_confidence_immediate_alignment	O produce el fruto apacible de justicia
Heb.12.15	Heb.12.15-fn1	fallback	verse_end	no_high_confidence_immediate_alignment	Véase Deuteronomio 29:18
Heb.12.18	Heb.12.18-fn1	fallback	verse_end	source_anchor_word_not_semantically_specific	Literalmente a lo que se puede tocar y
Heb.13.21	Heb.13.21-fn1	fallback	verse_end	no_high_confidence_immediate_alignment	BYZ y TR toda buena obra
Heb.13.21	Heb.13.21-fn2	fallback	verse_end	no_high_confidence_immediate_alignment	BYZ y TR vosotros
Jas.1.1	Jas.1.1-fn1	fallback	verse_end	no_high_confidence_immediate_alignment	Literalmente A las doce tribus en la Diáspora. Refiriéndose originalmente al pueblo judío que vivía fuera de la tierra de Israel, la Diáspora se aplica aquí a los creyentes judíos esparcidos por el extranjero.
Jas.2.2	Jas.2.2-fn1	fallback	verse_end	no_high_confidence_immediate_alignment	Griego vuestra sinagoga
Jas.2.8	Jas.2.8-fn1	fallback	verse_end	no_high_confidence_immediate_alignment	Levítico 19:18
Jas.2.11	Jas.2.11-fn1	fallback	verse_end	no_high_confidence_immediate_alignment	Éxodo 20:14; Deuteronomio 5:18
Jas.2.17	Jas.2.17-fn1	fallback	verse_end	no_high_confidence_immediate_alignment	Literalmente si no tiene obras
Jas.2.19	Jas.2.19-fn1	fallback	verse_end	no_high_confidence_immediate_alignment	O que hay un solo Dios
Jas.2.25	Jas.2.25-fn1	fallback	verse_end	no_high_confidence_immediate_alignment	Literalmente mensajeros
Jas.3.12	Jas.3.12-fn1	fallback	verse_end	no_high_confidence_immediate_alignment	Literalmente Tampoco puede la sal
Jas.4.4	Jas.4.4-fn1	fallback	verse_end	no_high_confidence_immediate_alignment	Véase Oseas 3:1.
Jas.4.4	Jas.4.4-fn2	fallback	verse_end	no_high_confidence_immediate_alignment	O está designada
1Pet.1.3	1Pet.1.3-fn1	fallback	verse_end	no_high_confidence_immediate_alignment	O nos ha hecho nacer de nuevo o nos ha engendrado de nuevo
1Pet.1.13	1Pet.1.13-fn1	fallback	verse_end	no_high_confidence_immediate_alignment	Literalmente Por lo tanto, ceñid los lomos de vuestra mente
1Pet.1.25	1Pet.1.25-fn1	fallback	verse_end	no_high_confidence_immediate_alignment	Isaías 40:6–8
1Pet.2.8	1Pet.2.8-fn1	fallback	verse_end	no_high_confidence_immediate_alignment	Isaías 8:14
1Pet.2.17	1Pet.2.17-fn1	fallback	verse_end	no_high_confidence_immediate_alignment	Literalmente Amad la hermandad
1Pet.2.18	1Pet.2.18-fn1	fallback	verse_end	no_high_confidence_immediate_alignment	O en todo temor
1Pet.2.25	1Pet.2.25-fn1	fallback	verse_end	no_high_confidence_immediate_alignment	Isaías 53:6
1Pet.3.15	1Pet.3.15-fn1	fallback	verse_end	no_high_confidence_immediate_alignment	BYZ y TR Más bien santificad al Señor Dios en vuestros corazones. Esta oración también puede incluirse con la cita del versículo anterior; véase Isaías 8:13.
1Pet.3.18	1Pet.3.18-fn1	fallback	verse_end	no_high_confidence_immediate_alignment	NE y WH murió
1Pet.3.19	1Pet.3.19-fn1	fallback	verse_end	source_anchor_word_not_semantically_specific	O en el espíritu, 19 en el cual
1Pet.3.21	1Pet.3.21-fn1	fallback	verse_end	source_anchor_word_not_semantically_specific	O apelación por
1Pet.4.1	1Pet.4.1-fn1	fallback	verse_end	no_high_confidence_immediate_alignment	BYZ y TR incluyen por nosotros.
1Pet.5.1	1Pet.5.1-fn1	fallback	verse_end	no_high_confidence_immediate_alignment	SBL, NE y WH Apelo, pues, a los ancianos
1Pet.5.2	1Pet.5.2-fn1	fallback	verse_end	source_anchor_word_not_semantically_specific	NE y WH no incluyen cuidándolos.
1Pet.5.2	1Pet.5.2-fn2	fallback	verse_end	source_anchor_word_not_semantically_specific	WH, BYZ y TR sino de buena voluntad
1Pet.5.10	1Pet.5.10-fn1	fallback	verse_end	no_high_confidence_immediate_alignment	BYZ y TR en Cristo Jesús
2Pet.1.3	2Pet.1.3-fn1	fallback	verse_end	no_high_confidence_immediate_alignment	O a los suyos
2Pet.2.6	2Pet.2.6-fn1	fallback	verse_end	no_high_confidence_immediate_alignment	WH no incluye a destrucción.
2Pet.2.22	2Pet.2.22-fn1	fallback	verse_end	no_high_confidence_immediate_alignment	Proverbios 26:11
2Pet.3.6	2Pet.3.6-fn1	fallback	verse_end	source_anchor_word_not_semantically_specific	NA por el cual
2Pet.3.10	2Pet.3.10-fn1	fallback	verse_end	no_high_confidence_immediate_alignment	O disueltos; también en los versículos 11 y 12.
2Pet.3.16	2Pet.3.16-fn1	fallback	verse_end	no_high_confidence_immediate_alignment	O en todas las cartas
2Pet.3.16	2Pet.3.16-fn2	fallback	verse_end	no_high_confidence_immediate_alignment	NA torcerán
1John.1.4	1John.1.4-fn1	fallback	verse_end	source_anchor_word_not_semantically_specific	BYZ y TR vuestra
1John.1.7	1John.1.7-fn1	fallback	verse_end	source_anchor_word_not_semantically_specific	NA no incluye Pero.
1John.2.2	1John.2.2-fn1	fallback	verse_end	no_high_confidence_immediate_alignment	O la propiciación
1John.2.13	1John.2.13-fn1	fallback	verse_end	no_high_confidence_immediate_alignment	O habéis vencido al mal; también en el versículo 14
1John.2.28	1John.2.28-fn1	fallback	verse_end	no_high_confidence_immediate_alignment	Literalmente permaneced en Él
1John.3.2	1John.3.2-fn1	fallback	verse_end	no_high_confidence_immediate_alignment	Literalmente cuando Él aparezca o cuando aparezca
1John.3.7	1John.3.7-fn1	fallback	verse_end	no_high_confidence_immediate_alignment	NA Hijitos en entrenamiento
1John.4.9	1John.4.9-fn1	fallback	verse_end	no_high_confidence_immediate_alignment	O unigénito o único
1John.4.10	1John.4.10-fn1	fallback	verse_end	no_high_confidence_immediate_alignment	O como propiciación
1John.4.19	1John.4.19-fn1	fallback	verse_end	no_high_confidence_immediate_alignment	BYZ y TR Le amamos
1John.5.18	1John.5.18-fn1	fallback	verse_end	no_high_confidence_immediate_alignment	O el que nació de Dios se guarda a sí mismo o Dios guarda al que nació de Él
1John.5.18	1John.5.18-fn2	fallback	verse_end	no_high_confidence_immediate_alignment	O mal; similarmente en el versículo 19
2John.1.8	2John.1.8-fn1	fallback	verse_end	source_anchor_word_not_semantically_specific	NE y WH lo que habéis trabajado
2John.1.12	2John.1.12-fn1	fallback	verse_end	no_high_confidence_immediate_alignment	Literalmente boca a boca
3John.1.9	3John.1.9-fn1	fallback	verse_end	source_anchor_word_not_semantically_specific	Literalmente He escrito algo a la iglesia
3John.1.14	3John.1.14-fn1	fallback	verse_end	no_high_confidence_immediate_alignment	Literalmente y hablaremos boca a boca; algunos traductores comienzan un nuevo versículo (15) después de cara a cara.
Jude.1.5	Jude.1.5-fn1	fallback	verse_end	no_high_confidence_immediate_alignment	NE, WH, BYZ y TR el Señor
Jude.1.12	Jude.1.12-fn1	fallback	verse_end	no_high_confidence_immediate_alignment	O son manchas
Rev.1.1	Rev.1.1-fn1	fallback	verse_end	no_high_confidence_immediate_alignment	O de repente o pronto
Rev.1.8	Rev.1.8-fn1	fallback	verse_end	no_high_confidence_immediate_alignment	TR el Alfa y la Omega, el Principio y el Fin
Rev.1.11	Rev.1.11-fn1	fallback	verse_end	no_high_confidence_immediate_alignment	TR diciendo: “Yo soy el Alfa y la Omega, el Primero y el Último,” y,
Rev.2.27	Rev.2.27-fn1	fallback	verse_end	no_high_confidence_immediate_alignment	Salmos 2:9 (véase también LXX)
Rev.3.5	Rev.3.5-fn1	fallback	verse_end	source_anchor_word_not_semantically_specific	O borrar
Rev.3.11	Rev.3.11-fn1	fallback	verse_end	no_high_confidence_immediate_alignment	O de repente o pronto
Rev.3.14	Rev.3.14-fn1	fallback	verse_end	no_high_confidence_immediate_alignment	O Principio o Gobernante
Rev.5.10	Rev.5.10-fn1	fallback	verse_end	source_anchor_word_not_semantically_specific	O reinarán sobre; WH reinan sobre
Rev.6.6	Rev.6.6-fn1	fallback	verse_end	no_high_confidence_immediate_alignment	Griego Una quénix de trigo por un denario. Una quénix era una medida seca griega equivalente a 0.91 litros. Un denario era normalmente el salario de un día de un jornalero; véase Mateo 20:2.
Rev.6.16	Rev.6.16-fn1	fallback	verse_end	no_high_confidence_immediate_alignment	Véase Oseas 10:8.
Rev.6.17	Rev.6.17-fn1	fallback	verse_end	source_anchor_word_not_semantically_specific	BYZ y TR Su
Rev.7.17	Rev.7.17-fn1	fallback	verse_end	no_high_confidence_immediate_alignment	Véase Salmos 23:1.
Rev.8.11	Rev.8.11-fn1	fallback	verse_end	no_high_confidence_immediate_alignment	Literalmente se convirtió en ajenjo
Rev.9.11	Rev.9.11-fn1	fallback	verse_end	no_high_confidence_immediate_alignment	Abadón significa Destrucción.
Rev.11.17	Rev.11.17-fn1	fallback	verse_end	source_anchor_word_not_semantically_specific	TR incluye y que ha de venir.
Rev.11.18	Rev.11.18-fn1	fallback	verse_end	no_high_confidence_immediate_alignment	Véase Salmos 2:1.
Rev.12.5	Rev.12.5-fn1	fallback	verse_end	no_high_confidence_immediate_alignment	Véase Salmos 2:9 (véase también LXX).
Rev.13.10	Rev.13.10-fn1	fallback	verse_end	no_high_confidence_immediate_alignment	NE, WH y BYZ si alguien mata
Rev.13.10	Rev.13.10-fn2	fallback	verse_end	no_high_confidence_immediate_alignment	Véase Jeremías 15:2.
Rev.16.21	Rev.16.21-fn1	fallback	verse_end	no_high_confidence_immediate_alignment	Griego gran granizo como de un talento; es decir, piedras de granizo que pesan aproximadamente 34.2 kilogramos cada una
Rev.18.3	Rev.18.3-fn1	fallback	verse_end	no_high_confidence_immediate_alignment	SBL y WH han caído por
Rev.18.14	Rev.18.14-fn1	fallback	verse_end	no_high_confidence_immediate_alignment	Literalmente Y:
Rev.19.15	Rev.19.15-fn1	fallback	verse_end	no_high_confidence_immediate_alignment	Véase Salmos 2:9 (véase también LXX).
Rev.21.16	Rev.21.16-fn1	fallback	verse_end	no_high_confidence_immediate_alignment	12,000 estadios equivalen aproximadamente a 2,220 kilómetros.
Rev.22.6	Rev.22.6-fn1	fallback	verse_end	no_high_confidence_immediate_alignment	O de repente o pronto; similarmente en los versículos 7, 12 y 20
Rev.22.14	Rev.22.14-fn1	fallback	verse_end	no_high_confidence_immediate_alignment	BYZ y TR Bienaventurados los que guardan Sus mandamientos
Rev.22.21	Rev.22.21-fn2	fallback	verse_end	no_high_confidence_immediate_alignment	SBL, WH, NE y TR no incluyen los santos.
